sgDph6_10,ATACTCTCTGACTATCAACG,Dph6_10
sgHist2h2ab_8,TCTGGCCGTGGCAAACAAGG,Hist2h2ab_8
sgSorbs2_4,GGACCCTCCAGACAGAAAGG,Sorbs2_4
sgMbnl3_8,GTTGGGATAAAAGCCTGCTG,Mbnl3_8
sgCdc25c_3,GAACGCCATTCAGATGGAGG,Cdc25c_3
sgCd44_7,AGGAGATCGAGACTCATCCA,Cd44_7
sgHeyL_2,CAAGCCCGGAAGAAGCGCAG,HeyL_2
sgNrarp_5,AAGGCCAAGTACGCGGCCAG,Nrarp_5
sgSupt3_3,AGAGTTGTGGTACTGAATGA,Supt3_3
sgSox4_6,GAAGAGCTGTGGCCCCAAGG,Sox4_6
sgCyp2e1_10,GGGGCAGGTTGGAAGGGACG,Cyp2e1_10
sgPeli2_9,GGTGAAATACGGGGAGCTGG,Peli2_9
sgCirh1a_8,AGTATGACCGCCAGCCCCAG,Cirh1a_8
sgScn2b_10,AACCCTCCAGACCGCCACCG,Scn2b_10
sgClic4_8,CATCAAGAACTCAAGACCAG,Clic4_8
sgEll3_9,GTCCTTACCTGCCTAAGCGT,Ell3_9
sgPwp1_10,CAGCACGGCCACAAACGATG,Pwp1_10
sgDkk4_5,GCAGAGGAAAACAGACCTCA,Dkk4_5
sgAxin2_4,GGAGATGAGCTCGGCGGCGA,Axin2_4
sgNrarp_1,GGTGCGCAAGGGCAACACGC,Nrarp_1
sgNol6_9,GCAACGCACAGCCAACGCCA,Nol6_9
sgTrp53_10,GATACAAATTTCCTTCCACC,Trp53_10
sgE2f2_2,AGTGTAGTAGGTGGTGGCGG,E2f2_2
sgSerpine2_2,GATGATGGCAGACAGTGGGG,Serpine2_2
sgCcdc3_3,AAGGTTGAGCCGGGAGCCGG,Ccdc3_3
sgSec14l2_4,CCTGCCAGCAAACTGGAAGG,Sec14l2_4
sgNfs1_5,GAGGCCCTACAGAGTGGAGG,Nfs1_5
sgPsrc1_5,CCAGCTAGGCTGCTTGGAGG,Psrc1_5
sgZfp369_8,TGGTACAGTAACTGGTAAGG,Zfp369_8
sgUtrn_5,GAAAAGCTTCTAGATCCTGA,Utrn_5
sgAscl2_10,GCACAGGAAAAGTGCTCGCG,Ascl2_10
sgAscl2_1,GGCGCAGGACAGAGACGCGC,Ascl2_1
sgCyp2e1_6,GATGGATACGAGGAGGAGGG,Cyp2e1_6
sgCttnbp2_2,GGAAGAGCAAAAGGCAACGG,Cttnbp2_2
sgCdt1_7,GCTAGGGTCAGCTGGAGGGC,Cdt1_7
sgCirh1a_7,GGACAGCGGCTCTTTAGTGC,Cirh1a_7
sgExog_5,AAGCTGGCGAGGCAGCCACA,Exog_5
sgExog_1,TCTGAATGGCTTCTTGGCCG,Exog_1
sgCdt1_10,GCACCTGATACTTGTAGGGT,Cdt1_10
sgKank1_1,GAACTACAGTGAGCTGGCGG,Kank1_1
sgL1cam_6,GAAGGAGACTGTAAAACCTG,L1cam_6
sgAtad3a_6,GGGCAAGCACCAGCCGACGA,Atad3a_6
sgFam65b_6,AGTGACGGGCCCCTCAGCCG,Fam65b_6
sgNotch2_8,TCAGACCCCTGCCAGAACGG,Notch2_8
sgRad51b_2,GTGACTGGCCTGAGTTACAG,Rad51b_2
sgRcc2_7,GAGCAGCATCATCGTAGCTG,Rcc2_7
sgGen1_3,CATGGCCTCAGCTTCCCCGG,Gen1_3
sgZc3h10_6,ACGAACCAGGCCCTAAGCGC,Zc3h10_6
sgEvl_6,CCAGCAGGAGATCCTGGAGG,Evl_6
sgId3_6,TGGCTAAGCTGAGTGCCTCG,Id3_6
sgGart_10,GCTCAGCAGGCCATCCAAGG,Gart_10
sgSurf2_6,GCCGTTGGTACTTCTTGCCG,Surf2_6
sgEspl1_1,GAACAGAGGCTATCCGCCGG,Espl1_1
sgKlf4_10,TCTGGCAGGCAGGAACCCGG,Klf4_10
sgAqp1_8,GAGAATGGCCGTGGCGACGA,Aqp1_8
sgNol9_6,GAGTTAGTCAGCGTGTCCTG,Nol9_6
sgId2_10,GCACGTCATCGATTACATCT,Id2_10
sgCd320_5,GCCACTGGTAAGACACTGGA,Cd320_5
sgPlcb3_10,ATACATCCAGCTCCACACAG,Plcb3_10
sgClca4_3,GTGGTCCGTGAGTGTCAGGG,Clca4_3
sgThap3_6,GCTTAGGCTTGAAGTCAGCC,Thap3_6
sgPola1_3,GACTGAGCCAGTAGAAAGGG,Pola1_3
sgL1cam_4,GGGAAGACAACCAGGCGCCG,L1cam_4
sgNav1_8,CAGCAGAAAGGCAGCCGCGG,Nav1_8
sgPrc1_10,GACAGCGTGTGGCAACGCTG,Prc1_10
sgBms1_2,GGAAATGCAGAGACAAGCGC,Bms1_2
sgFam122a_5,CGGAAGATACGCACACACCG,Fam122a_5
sgCttnbp2_10,GAGAGACATCTCTCGAGGGA,Cttnbp2_10
sgAxin2_2,GCTTCCGCGAGGATGCTCCG,Axin2_2
sgDdx10_6,ACAGAAGCAGACCATAGGGT,Ddx10_6
sgIgfbp4_10,GGAGCAAGATGAAGATCGTG,Igfbp4_10
sgDvl1_3,GATGATGTTCAGGGACATGG,Dvl1_3
sgEsrrg_6,GGTGGGTCTTCCGACGCCAG,Esrrg_6
sgImp3_2,GCAGCATCTCCAAGCTGCTG,Imp3_2
sgSh3bp5L_3,CAAATTGTCCCCTAGAGAGG,Sh3bp5L_3
sgRad51b_8,AAGGTCTGCACATCTCTCAC,Rad51b_8
sgCtps_10,TAGGCCTGGACAGGAACTCG,Ctps_10
sgZfp369_4,ACGACTACACACCTTCTCCG,Zfp369_4
sgRnf43_5,GTGGATCCTCCTGACCGTGG,Rnf43_5
sgClca4_4,AAACAAATCCCAGACTGCGA,Clca4_4
sgHist2h2ab_4,GGAGTCACCATCGCCCAGGG,Hist2h2ab_4
sgHunk_5,GTTCTGGCGCAGCATAGGCA,Hunk_5
sgNav1_5,GGAGTAGGTAGAAGAAGCAC,Nav1_5
sgUtrn_2,GCAGGTCATCACCCAGCGGG,Utrn_2
sgGen1_2,AAGCTGATGTCATAAGCAAG,Gen1_2
sgCirh1a_9,CTAAGGAACCAGCTGCGACG,Cirh1a_9
sgPde4b_4,GGGAGACAAAGAACGGGAGA,Pde4b_4
sgDctd_2,GAGAACAGCAGAAAATAAGC,Dctd_2
sgPpm1b_4,GACCAGTTGTCCAAGCCGTG,Ppm1b_4
sgFam65b_7,GAAAAGCTTGTCAGTAGTGA,Fam65b_7
sgDkk2_6,GATTCTGCCATCCCAGGTCA,Dkk2_6
sgImp3_10,GATCTTGGATGAGTCCACCC,Imp3_10
sgRad51b_1,GGGAGGATTAGAAGGGGCTG,Rad51b_1
sgAfap1_2,GAGGACGTTGGTAAAGGCGG,Afap1_2
sgAcss1_7,GCTGCCTGAGCGCTCAACGC,Acss1_7
sgHey1_7,ACAGTTTGTCTGAGCTGAGA,Hey1_7
sgLrig1_10,GCGTTCCAGACAAGATGGCG,Lrig1_10
sgGart_7,TGTGGCCAAGAGCCAAGCGG,Gart_7
sgIgfbp4_1,GGGGTGTACACCCCACGCTG,Igfbp4_1
sgGstcd_7,GCTTTCCCCTTCCCGGAGGG,Gstcd_7
sgId3_7,GCTCCCTCTCGCACCTGGAT,Id3_7
sgAtad3a_4,CTTGCCGCCCGCTCAACCCG,Atad3a_4
sgNcapd3_8,GACTGAATTCAGGATGGCGA,Ncapd3_8
sgEsam_7,TGCAAGGCTCAAAACAGAGT,Esam_7
sgClic6_9,CAAATCCACCGAACACGAGG,Clic6_9
sgPrelp_10,TTAGGCGTAAACCCAAGCCG,Prelp_10
sgSurf2_4,AATGCAAGCACATCAGAGGG,Surf2_4
sgAfap1_1,GGACCATGCTCAGAAGGCAG,Afap1_1
sgCd44_3,GACTCATCCAAGGACTCCAG,Cd44_3
sgPogk_1,GGTTCACTCAGTACCTGCAA,Pogk_1
sgDkk3_6,GACCAGCACGGAGACCAGGG,Dkk3_6
sgPlcb3_2,GAAGCGGGTGGAGACGGCGC,Plcb3_2
sgCdca7_5,GGAGGTCAAGGACGCTCTGC,Cdca7_5
sgPrc1_7,GTACTCACCAGAATAGTAAG,Prc1_7
sgDgkz_2,GGGACCACCACAGTGCCCAG,Dgkz_2
sgWwtr1_9,CGGGAGCAGAGCACAGACAG,Wwtr1_9
sgFam65b_10,GAACATGTGTGCCATTGAAG,Fam65b_10
sgHeyL_6,TGAGGTCTTGCAGATGACCG,HeyL_6
sgAtoh1_1,GGTGCGGCTGGGGATGGCGA,Atoh1_1
sgSmo_10,GAAGAGCAAGATGATCGCCA,Smo_10
sgPrc1_9,GAAAGCTCTAACTCACCTCC,Prc1_9
sgDkk1_1,GTGGCACTGGCTCCTAGCAG,Dkk1_1
sgEsam_2,GTTCTTGGAACAAGAAGGGA,Esam_2
sgGart_1,ATCCTTGCAGAACTGAGCGA,Gart_1
sgBop1_9,GCAGCGATGCCGGTGACATG,Bop1_9
sgPsrc1_3,GAGAGGGCTGGTACAGGCCC,Psrc1_3
sgGen1_7,AAACAGCTGTCAGAGACCAA,Gen1_7
sgCdt1_3,AGAGAAGCTCACCACTGCCC,Cdt1_3
sgDph6_9,GGTGTCCACGTGTGTGGAGA,Dph6_9
sgNcapd3_2,GTGCTCCCCAGTACATGGAG,Ncapd3_2
sgDkk4_8,AGAGTGACTGAGGATGGTAC,Dkk4_8
sgLimk2_2,TGTGTGAGTTCAGGTCCCGG,Limk2_2
sgTufm_4,CCTCAACATACCTTCCCTGG,Tufm_4
sgE2f4_9,GCAGCAACGAGAGCAAGAAC,E2f4_9
sgSurf2_2,AGAGTGTCAGAAACAAGGTG,Surf2_2
sgFads1_7,GCCGCGGCACAACTACCACA,Fads1_7
sgPolr1b_5,GCAGGTGGATGCAGATGCAC,Polr1b_5
sgPde4b_2,GGAAAACCATCACCTTGCTG,Pde4b_2
sgGkn3_9,GTGTAGGTCAGTCCTCGAGT,Gkn3_9
sgCtps_3,GAAGTTCGTTGGCCAAGATG,Ctps_3
sgTufm_6,TCATACCTGTCACCACAGTG,Tufm_6
sgTubb2b_8,TTTGCTCTTTCAGGCCAGAG,Tubb2b_8
sgAtoh1_6,GTTCTGCCGGGTAGACGGGA,Atoh1_6
sgEvl_3,GATGCCAACCGGGCAAGCAG,Evl_3
sgThap3_10,GCAGCACACAGTCATCTGCT,Thap3_10
sgExog_3,GGTTCTTGAGCATATATCCA,Exog_3
sgNfs1_2,GTTAGTCCTTACCAGAGGAG,Nfs1_2
sgFam122a_1,GCACCAGATCAAACAGGAGG,Fam122a_1
sgAlg1_4,GGTGCTTCTGGCTGATGAGG,Alg1_4
sgPeli2_10,GGGTTTGACACCACTGGCGT,Peli2_10
sgAcss1_6,GAATGAACTCAAATTGTCGG,Acss1_6
sgWfdc15b_8,GGCAGGGAACCCGATACTCT,Wfdc15b_8
sgMdc1_4,GCACTGAAGAAAACAGGCAG,Mdc1_4
sgTubb2b_4,GGGCGAGTTCGAGGAGGAAG,Tubb2b_4
sgShmt1_2,TCGGCTGGCAAAATTCTCCG,Shmt1_2
sgDdx10_8,CATGAACCCAGACATACTCA,Ddx10_8
sgGnl3_7,GGAGATTTTCAGCAGTCCTG,Gnl3_7
sgOpa1_9,AGAAGTCCTTCAACAAGCTG,Opa1_9
sgSerpine2_1,GAGAAACACAGCATTGGCCA,Serpine2_1
sgSox4_5,GACAAGGTCGCGGGCAGCAG,Sox4_5
sgCox6b2_2,TCATGGTCTTCACACACCGG,Cox6b2_2
sgMcat_3,CAGTGAAGCCACAAAGACGG,Mcat_3
sgPogk_10,TACCTGCAAAGGTTACTCCC,Pogk_10
sgGstt2_4,GGAACTCAGGTAAATCAAGA,Gstt2_4
sgAatf_2,GGATCCTGAGGCCGACCCGG,Aatf_2
sgAatf_5,GAACAGTGAAGATGATGGTG,Aatf_5
sgCdc6_9,TGAGCAAGACCAACGCGCTT,Cdc6_9
sgShmt1_1,CTCATGAGAAGCCCACAGGG,Shmt1_1
sgFads1_3,CATGTGGTTCCACCAGCTGG,Fads1_3
sgHes1_10,GGGATGGGCACAAGCGGCGG,Hes1_10
sgVav3_5,TCGGAGAGCTTCCAGACAGG,Vav3_5
sgMbnl3_6,AAAGAGGTCAGCCCTTGACA,Mbnl3_6
sgGle1_4,GCGCTCCGCAACACCAGCAA,Gle1_4
sgId3_9,CGGGAGATGCGGACCGTCCG,Id3_9
sgZc3h10_8,GAAGCAGGTCAGCAACCTGC,Zc3h10_8
sgGkn3_7,GTCCCCACAGAGCCATCCAG,Gkn3_7
sgPtpro_9,GCTTCTCTCTCTAGTTACAG,Ptpro_9
sgRcc2_9,CGACCATGCCCAGGAAGAAG,Rcc2_9
sgAqp1_10,AAGGGCCACAGACAAGCCAA,Aqp1_10
sgDvl1_6,GCAGTTGCCAGACTCAGGAC,Dvl1_6
sgNufip1_2,GACAGAGGAGGTGGTGGCGG,Nufip1_2
sgCdc25c_1,GACCTTTCGAATCTTAGCAG,Cdc25c_1
sgRcc2_1,GAGGAGCCGAGTTCGGGCAA,Rcc2_1
sgHeyL_9,GTTCTCTTGACCCACATCGA,HeyL_9
sgSmoc2_7,CCAAATGGAAGACCCATCAG,Smoc2_7
sgNol6_10,GCAGGACGGACTGGAGCTGG,Nol6_10
sgMap2k5_1,GATTCCAAATAGTGGCGCGG,Map2k5_1
sgAqp4_10,AGTTCGTTTGGAATCACAGC,Aqp4_10
sgMak16_5,TGAGTAAGAAGGTTGAACGA,Mak16_5
sgEsrrg_2,GGAGCAGAGGGGTAGAGAGG,Esrrg_2
sgGart_6,GCTTTGGTTGTGAAGGCCAG,Gart_6
sgGstcd_1,CAAGAGTCTGGAACTGAAGG,Gstcd_1
sgSycn_6,GTAGAGGGCAGAGATGGAGT,Sycn_6
sgCd320_4,GTTGTCACAGGAGCAAGGAA,Cd320_4
sgDph6_4,CTAAGACCAGATGAAAACCA,Dph6_4
sgKank1_4,CTAGCGGGGCAGGTGGCCGT,Kank1_4
sgGart_3,AGACGAAGGCCCCAACACCG,Gart_3
sgHunk_9,GAGTTGACCTACCTTTGTCG,Hunk_9
sgSerpine2_3,GAAGACCTGGATCCCTGTGT,Serpine2_3
sgMbnl3_4,CATGTAAGGATTGAAAGCCA,Mbnl3_4
sgCsad_2,GCTTCAGACAGTCCACGCGG,Csad_2
sgMdc1_7,GAAGGAGGCAGGCAGGGCAG,Mdc1_7
sgCdc6_1,GCTGTGCAGACCAGCTGGGA,Cdc6_1
sgSupt3_2,GGAGCTGTTGGTGTAGGAGG,Supt3_2
sgIncenp_2,GGAGCGCCGCAAAGCAGCTG,Incenp_2
sgEspl1_7,GGCACGAGCTACCTACCTGG,Espl1_7
sgQtrt1_7,GAGCGGACTCAAGCGAACCT,Qtrt1_7
sgPola2_1,GAGACGGGACAAAGACAAGG,Pola2_1
sgGnl3_1,AACGGGGTCACAAGAAGCCT,Gnl3_1
sgQsox2_7,GGGATCCAGGAGCTTATGCG,Qsox2_7
sgPinx1_8,AAAGCTGGTTGAAGTCATCC,Pinx1_8
sgUtrn_10,GTGATTGTGGATGAAAACAG,Utrn_10
sgPls3_3,GGGCAGCTTACGCATAGAGA,Pls3_3
sgAscl2_8,GGACGGAGACGTAGAGGCGC,Ascl2_8
sgSp5_1,CCTGCAGTGAGTCGTTCCGG,Sp5_1
sgLmcd1_2,GCAGCAGTCCGCAAGAGGAG,Lmcd1_2
sgDctd_6,GCAGGAAATGTCACTCATGT,Dctd_6
sgSp5_4,GGTGCCCTATGACCCAGCGC,Sp5_4
sgNufip1_9,GCCACTGGGGACGACAGAGG,Nufip1_9
sgZbtb16_7,GCTTCCGGACAACGAGGCAG,Zbtb16_7
sgIncenp_4,GGAGTTTTGGGCATCAGCTC,Incenp_4
sgDctd_3,GCTCCTGTTTAAGTTGGCTG,Dctd_3
sgKlf4_5,GGATAAAGTCTAGGTCCAGG,Klf4_5
sgGnl3_8,ACTCCGAAGGGCAAGTGCAG,Gnl3_8
sgPla2g4a_2,ACAGTGCCATGCTGAACCGT,Pla2g4a_2
sgPls3_9,AAGGCCATCAACAGGAAAGA,Pls3_9
sgPpm1b_9,AATGCAGGAGAGAGACACTG,Ppm1b_9
sgDvl1_2,CAAGGGGCCTTACTGGAAGG,Dvl1_2
sgDvl3_1,GGACTGGCTGTACCACAACG,Dvl3_1
sgPpm1b_5,GAGAAACAAGCTGCTCTGTA,Ppm1b_5
sgSmoc2_1,CAGCTGGAGATCGCTCACCG,Smoc2_1
sgVars2_10,GGATCGAGAGTGTTTCACCA,Vars2_10
sgGart_5,AAAGCATCGTACTCCTGCAG,Gart_5
sgDiap3_4,AAGAGAATAGCACTGAGCCG,Diap3_4
sgNr5a2_8,CAAGTGGCGCATGGGAAGGA,Nr5a2_8
sgE2f2_5,GGCTTGGCAAACCATCCACG,E2f2_5
sgCdc25b_10,TGAGTGGAAGATGGAAGTAG,Cdc25b_10
sgAqp4_4,GAGCAAAACAAAGATAAGCG,Aqp4_4
sgSupt3_5,GATCATCAAAGGCATTGACG,Supt3_5
sgRcc2_10,TTGCAGGTCGGAATGAGAAG,Rcc2_10
sgRad51b_7,AGCAAGAAACTAAGACGAGT,Rad51b_7
sgCdt1_8,GGGGAGCCAGGGTCAGCTGG,Cdt1_8
sgE2f4_1,GGAGGTGTAGAAACAGCAGG,E2f4_1
sgMak16_1,TCAGACACAAATGTAAGCAG,Mak16_1
sgNotch1_10,CAGGTGTGTTGTTCTCGCAG,Notch1_10
sgLmcd1_7,CAAGACACAGGAAAAGCCAG,Lmcd1_7
sgKif11_2,GCAGATTGCTCTTCCAGCAG,Kif11_2
sgVars2_7,GATCCCATTTCAGGCCATGG,Vars2_7
sgNol6_1,GCAGCAGCGAGGGCTTCAGG,Nol6_1
sgKank1_9,GCGTAGAGCAGAGCACGCAG,Kank1_9
sgCttnbp2_1,AAACCGGTTCGACCAACTGG,Cttnbp2_1
sgGkn3_5,GCTGCCGAGCAAAGTAGGTG,Gkn3_5
sgSox4_3,GATTCCGTTCATCCAGGAGG,Sox4_3
sgAtad3a_10,GCTGGCACCTTGCTTGGTGA,Atad3a_10
sgPsme3_8,CAATAATGTCCACAAGCTGC,Psme3_8
sgSerpine2_8,TGTGGCACAAACAGATCTGA,Serpine2_8
sgNav1_4,GGAGAGGTGACAGCCACCGG,Nav1_4
sgPsrc1_10,TGTGCAAGAGGAGAGCGCCC,Psrc1_10
sgUbe2h_2,CATGCGTACTTACTTCCTTG,Ube2h_2
sgPla2g4a_4,GTGGTGTAAGAAGTAAGAGA,Pla2g4a_4
sgAfap1_6,GCATCAGTGGCCGTCAGAGG,Afap1_6
sgAcss1_3,GGCGCTCTGGACAATCGGGG,Acss1_3
sgCdc25b_4,AATGAGGTTCTCCATGCCCG,Cdc25b_4
sgWee1_10,GCAGAAGCTCATCTTCTCGC,Wee1_10
sgCar12_3,AAGAAGTACCCATCGTGTGG,Car12_3
sgEsam_5,ACACCCTGTAAACTACAGGA,Esam_5
sgPogk_9,ACAAGGCATTACCCAGGGAC,Pogk_9
sgQtrt1_5,GGAGCTGATCCGGAAAGCCC,Qtrt1_5
sgDdx10_1,ACTTCCTCACAGTGAAGCGG,Ddx10_1
sgNol9_5,AAAGTGAGAAGGCGATCAGG,Nol9_5
sgId3_1,GGTGCGCGGCTGCTACGAGG,Id3_1
sgDvl2_5,GCGGCCGCCACGCATGGAGA,Dvl2_5
sgCdt1_5,GCAGCAGGTGGGGTGGCTGG,Cdt1_5
sgClic6_4,GAATCTGGTCAGGAAGCGCA,Clic6_4
sgIgfbp4_4,GCATGCCTGAGCCACAGCGT,Igfbp4_4
sgHunk_2,GGAGGACACGACCAGGCCGG,Hunk_2
sgSorcs2_7,GATGCTCCTCTTCCACCCGA,Sorcs2_7
sgScn2b_7,ATTGAGGACACTAAGAGTGG,Scn2b_7
sgSp5_8,AGTTGGGGCAGCGGCAGCGG,Sp5_8
sgCttnbp2_8,GAGAGGGACCCAAGTCACTG,Cttnbp2_8
sgRps24_2,AGAATGACACAGTAACCATC,Rps24_2
sgLimk2_6,CCGGTGCTCTGCATGTGGGG,Limk2_6
sgNrarp_7,ATCCGCCTAGCTAACCGCGA,Nrarp_7
sgKif23_7,ACAGGGTCTCCAGGGTCTGG,Kif23_7
sgIgfbp4_7,CGCAGGGCATCCCCAAGCCC,Igfbp4_7
sgLmcd1_4,GCAGCCTGTGACAGGCACTG,Lmcd1_4
sgNotch2_9,GAAGGGACCAGTGAAACCCA,Notch2_9
sgZbtb16_4,GGCTGAGAGACCGAAAGAGG,Zbtb16_4
sgDvl3_2,CGAGGGCTCACACCCAGAGC,Dvl3_2
sgMcc_5,TGGCTGAGGAGCGGTCCCGG,Mcc_5
sgAtoh1_4,GGAGGCTGGCAGCAAACGCA,Atoh1_4
sgTubb2b_5,AACCTACTGCATCGATAATG,Tubb2b_5
sgKif23_1,GACAAACCTTAAAGATCCAG,Kif23_1
sgWdr35_6,TAACGCCTGGAGAGGAGCGG,Wdr35_6
sgCd44_8,GTGCCACCAAAACTTGTCCA,Cd44_8
sgQtrt1_3,GAGCTCGGGCGGGTGAGCTG,Qtrt1_3
sgNrarp_8,CTACACCAGTCAGTCATCGA,Nrarp_8
sgRcc2_8,GTGGCTCACCAATTCCCCGA,Rcc2_8
sgSlco3a1_5,GCACTGCTGTCTGGCTCCAG,Slco3a1_5
sgCox6b2_1,GGGAAGCGCGGATCAAAGGG,Cox6b2_1
sgCdc25c_4,GATGTAATCTCACCAGGATG,Cdc25c_4
sgPls3_7,GACAGAAAGAAGGGGAGCCA,Pls3_7
sgZfp369_3,AGTGGGGAAGACTTGAACCC,Zfp369_3
sgCar12_7,GATGCCAAGAACGCCAGCCA,Car12_7
sgNol9_4,TGACCACTCACCTCTCCCGG,Nol9_4
sgPrelp_3,GTGACAGCCGAAACCTGCGA,Prelp_3
sgQtrt1_9,GCTGCGGCTGCCGCATGGAA,Qtrt1_9
sgMrto4_3,CCAGCCTCCTACCTTTCTTG,Mrto4_3
sgScn2b_1,GGAGTGTAACAATTGCACAG,Scn2b_1
sgGle1_6,GCAGCGACCATCGGACGGCA,Gle1_6
sgDctd_5,GCAGTGATGACCTGTTGCCT,Dctd_5
sgQtrt1_6,GAAGAAGAAGCAGTATGCCA,Qtrt1_6
sgHes1_3,AGCACCTCCGGAACCTGCAG,Hes1_3
sgLrig1_8,AATACTGCACACCACAGCAA,Lrig1_8
sgMcat_1,GGACTCCAGCGTGGCCGAGG,Mcat_1
sgPrc1_3,AGAGCGAGCCAAACAGGAGA,Prc1_3
sgBms1_10,AAGAGATTCACAACCTGGGC,Bms1_10
sgPola1_5,AGAGGTGCAGAAAGCTACAG,Pola1_5
sgBms1_5,GGACTCTGAGCTCAGTGCAG,Bms1_5
sgDgkz_7,GTAGAAGCGGCTGGCAGTGG,Dgkz_7
sgPtpro_7,ATTTGTGGACATCTTAGGGC,Ptpro_7
sgNcapd3_4,GCTTCCGCACAGATATGGCA,Ncapd3_4
sgPla2g4a_7,TCACCCATCAAGAAATGCAA,Pla2g4a_7
sgKif11_8,GAAGTCAGTGTACGGACTGC,Kif11_8
sgKif23_3,AGTAGAAGTGAAATCTACGG,Kif23_3
sgTrp53_4,CAGGAGCTCCTGACACTCGG,Trp53_4
sgAatf_7,GATAACGAAGCATCTGATGA,Aatf_7
sgMap2k5_5,AAAGATACTGGCCAACGGCC,Map2k5_5
sgMrto4_5,CCCACAGCTTCGGAAATGTG,Mrto4_5
sgGart_2,ATGAAATCCCAACTGCACAG,Gart_2
sgPolr1b_10,CGGTGGCGGAACCTGCCCAG,Polr1b_10
sgPinx1_3,TGGATCCCAGAAACACCGCG,Pinx1_3
sgWdr35_5,GGCTGGCTTGCTAGAAGAGG,Wdr35_5
sgDkk4_6,GTCCAGAACCAGGGCTGCCA,Dkk4_6
sgCar12_2,GAGCAGCTGCACTTGCACTG,Car12_2
sgMap2k5_7,GATTCGCCGGTCCTTCCGCT,Map2k5_7
sgPsme3_3,AGCCCACTTACAAGAAGCGC,Psme3_3
sgUtrn_9,GAAGATGGAGAGCCTCCCGC,Utrn_9
sgDdx10_2,AAGACGGCTAAAAGAAAGAG,Ddx10_2
sgCsad_5,GTTTGTGCTCATGGAAGAGG,Csad_5
sgVav3_2,CAGAACAGCCAGCTGGACAG,Vav3_2
sgMdc1_2,GTGGTGGGACATCCAGGCGA,Mdc1_2
sgDvl3_10,AGGGTTCACCGACCGTCGGG,Dvl3_10
sgXrcc5_8,GAATGATATCACTTCCGTAG,Xrcc5_8
sgNr5a2_5,TGCTTGGATCACCTGAGACA,Nr5a2_5
sgCd44_6,GATGTACAGTCTTCTTCAGG,Cd44_6
sgAatf_3,ACCGCGTGAGGCGGATCCTG,Aatf_3
sgWdr35_4,AAGACGTCTGGGATATGAAG,Wdr35_4
sgCar12_9,TCTTAAGGATCACCAACAGG,Car12_9
sgDkk4_7,GAGTTCGCAGGAGGTGTCAG,Dkk4_7
sgShmt2_1,AGTGGTCCGAAGCAAAGAGA,Shmt2_1
sgVars2_4,GGCCTGGAAAGACCCCATGA,Vars2_4
sgId2_5,CTAGTCTCACCTGCAAGGAC,Id2_5
sgPola2_8,CGAGCTGAGATACTTTGTGA,Pola2_8
sgHeyL_8,CTCCAAGCTGGAGAAAGCTG,HeyL_8
sgPsme3_4,GAAAAGCAACCAGCAGCTTG,Psme3_4
sgOpa1_4,AAAAGGAGAACAAAGAGCTG,Opa1_4
sgWee1_2,GGGCTGCGTGCAGAAGGCAG,Wee1_2
sgSorcs2_2,GAAGCTCAGGACCTCAGTGG,Sorcs2_2
sgNmral1_2,TCAGCAAGCTGAGCACCACG,Nmral1_2
sgNotch1_4,ATGTCTGTCAACAGCTGCAG,Notch1_4
sgPolr1b_8,TGGCAGCAGCCTGCGCACGG,Polr1b_8
sgEspl1_2,GTAGCTGAGCAGGAAGCGGA,Espl1_2
sgHey1_8,AACCTGGGACGATGTCGTTG,Hey1_8
sgNotch1_8,GACAGGTGCCAGAGTCACAG,Notch1_8
sgKank1_7,GGAGCTTCCCATGGAAGACG,Kank1_7
sgFgfr4_2,GGATGGACAGGCCTTCCACG,Fgfr4_2
sgPde4b_10,GGGCCTTAACATCTTCAATG,Pde4b_10
sgSmoc2_10,GGATGCAGTTTACCTTGTGG,Smoc2_10
sgFam122a_9,TCTCCGGGTGGTAAATCGGG,Fam122a_9
sgFstl1_9,GAGGACGAAACCTATGCAGA,Fstl1_9
sgPsrc1_6,CAGGGACTGCAGCTTTCCTG,Psrc1_6
sgDkk2_1,GCTCTCCACCATCAGCACCG,Dkk2_1
sgBop1_5,TCAGTGGGCAGGTACTCGGG,Bop1_5
sgNfs1_3,CTAGTGAAAATGATCTCCCG,Nfs1_3
sgThap3_3,ACTCCCTCAACAGCTCCGGG,Thap3_3
sgEvl_10,GGAAGAAATGAACAAGCTGC,Evl_10
sgAqp4_5,GTGGCCAAAGCACTGCACCA,Aqp4_5
sgAlg1_8,GCGTGGGCGGCAAACGGGCA,Alg1_8
sgPolr1b_3,GTGCAGGTTCATGTTCACGG,Polr1b_3
sgCdc25b_5,CAAGAGGCTAGAGCGGCCCC,Cdc25b_5
sgAqp4_7,GTTCATGGAAACCTCACCGC,Aqp4_7
sgHunk_3,GGGAGAGGGCTCCTTCGCCA,Hunk_3
sgE2f2_4,GCCACTCCCCACGGACCCGA,E2f2_4
sgIpo4_6,CCAGGAATCCTGCTTTGCGC,Ipo4_6
sgAqp4_1,GGATCCACCATAAACTGGGG,Aqp4_1
sgFam65b_9,GGAGTTTCACCAGACGGAGC,Fam65b_9
sgNfs1_9,GATTTTCCCAACCGCTTGGG,Nfs1_9
sgCdc25c_9,GTGTGCTGCCAACGGTGCCA,Cdc25c_9
sgIer5l_5,GAAGGGGCTGTAGAGGCGGG,Ier5l_5
sgDgkz_1,GGGTTCACAAACACCAGCAG,Dgkz_1
sgNrarp_6,CATCGACGGCAACCTGGAGC,Nrarp_6
sgE2f2_1,GTGGTGGCCGGGCAGAGCTG,E2f2_1
sgDdb2_5,GTTGAGCACAGATGGCAAGG,Ddb2_5
sgAqp4_8,GAGATGAGGACCATGTCCAC,Aqp4_8
sgCdt1_4,TACCGGGCTCAGCCGAGCGC,Cdt1_4
sgClic4_5,CATGTGTTTCAGCGCTGGAG,Clic4_5
sgEll3_2,CAGGAGGCTGGTCCGAGCAG,Ell3_2
sgCdt1_6,GAAGCCGGCACTCACTATGG,Cdt1_6
sgSoat1_10,AAAGCGTAACATCTCAGCAA,Soat1_10
sgScn2b_5,GCCCCGTGAGACTGAAGGCA,Scn2b_5
sgPrelp_8,GAGGCCAAGATGAGGAGAAG,Prelp_8
sgCttnbp2_7,GGAAGTCATGGCGCAACTGG,Cttnbp2_7
sgCttnbp2_9,GAGGAGAATGGACCAAGCAC,Cttnbp2_9
sgSorbs2_5,GAAGCCTGGAAAGACCCAGC,Sorbs2_5
sgNmral1_8,AAGAAGCCAGAAGAGTACGT,Nmral1_8
sgE2f2_8,GCTCTTTGTAGGTTGCGCCG,E2f2_8
sgNrarp_4,GTAGCGCGCTCCAGCCGTCG,Nrarp_4
sgPola1_8,GCAAAGCACACAGAAAGGAC,Pola1_8
sgImp3_8,ATTCCGCGTGCGCGCCTCGG,Imp3_8
sgGkn3_10,TGTCGATGCCCTCAGAGGTG,Gkn3_10
sgEsam_9,GGGCCTCAACAAATTGGAAG,Esam_9
sgNotch1_5,AGTGCCGCTGCCCACCAGGG,Notch1_5
sgSmoc2_8,GGGCTGAGTCTCCAATGCTG,Smoc2_8
sgGstt2_6,GGTATTCGTGGACTTGGGCA,Gstt2_6
sgTufm_9,GAAGGTGGAGGCCCAGGTGA,Tufm_9
sgPls3_6,GCACCGAAGGGACAGAAAGA,Pls3_6
sgKlf4_7,CGAGGATGAAGCTGACGCCG,Klf4_7
sgPla2g4a_1,CGTGCCACCAAAGTAACCAA,Pla2g4a_1
sgGnl3_2,AGAAAACTTGAAGTTAGCCC,Gnl3_2
sgPola2_2,ACGGTGAGAGAAGCTGACGT,Pola2_2
sgClca4_2,GGCTTCAAACAGGTAAGTGG,Clca4_2
sgLrig1_3,GGGGACTCGCTGGACTGCAG,Lrig1_3
sgDkk3_1,GGAGAACTGGCAGTACCTGG,Dkk3_1
sgSec14l2_1,GAGCAGGTCCTGCTTGGAGG,Sec14l2_1
sgShmt2_9,GTTGTTGAGACAGGACCCCA,Shmt2_9
sgL1cam_1,GGGGTGCAGCCACTTGATGG,L1cam_1
sgArhgef4_4,TCACCTCGCAGATGTCGCGA,Arhgef4_4
sgKank1_3,GGAGGATGACAGAGACTCAG,Kank1_3
sgOpa1_1,CAAGTGGAACGACTTTGCCG,Opa1_1
sgLmcd1_5,GGAGAATGAGCTGAAAGCTA,Lmcd1_5
sgAatf_8,TGAGGAGGACTTAGAAGGTG,Aatf_8
sgNfs1_1,AGAGGAGGTGGACTACACGG,Nfs1_1
sgPogk_5,CAAATTCAGAGGGTAGGCCC,Pogk_5
sgMdm4_4,TCCAAGTCAAGACCGACTGA,Mdm4_4
sgPrelp_1,GGGCCGGGAGGAAGAGGTGG,Prelp_1
sgPlcb3_5,GCAGCGCCATGAACGCCTGG,Plcb3_5
sgEspl1_9,GAGACTGCAGGACCACGCAA,Espl1_9
sgDkk4_3,TCCGCGGATGTGCAAGGCGC,Dkk4_3
sgGnl3_5,GAATAAAGAATTGCCAACCG,Gnl3_5
sgAscl2_3,AATGCAAGCTTGATGGACGG,Ascl2_3
sgFam60a_1,AATCTTACCCAAAACAGCTC,Fam60a_1
sgFam65b_3,CAGCTACAAGGAATACACGG,Fam65b_3
sgDiap3_8,GGGAGATGAGACAGGAGTGA,Diap3_8
sgSorbs2_7,GAGGAAGAGCGAACCTGCAG,Sorbs2_7
sgPrc1_4,TTAGTTCCCATATTTCCCGG,Prc1_4
sgIer5l_3,GGAGCACGTAGGACACCAGG,Ier5l_3
sgCsad_10,GCAAGGCCTCCACAGCCACG,Csad_10
sgDtl_10,GCATAAGGACTGACAGGAGA,Dtl_10
sgIer5l_4,GGGCGGAGAGGAGGCAGCGA,Ier5l_4
sgWwtr1_10,GCAAGTCATCCACGTCACGC,Wwtr1_10
sgWfdc15b_2,CATTCTGCTTTGCTGTAACA,Wfdc15b_2
sgBmyc_2,CTTGGAGACCAGCTTGGCGG,Bmyc_2
sgIer5l_1,GGCCCGCTCCAACTTGGCGG,Ier5l_1
sgHey1_4,TTGGCCAGGAAAAGACGGAG,Hey1_4
sgCsad_3,GACCCTGGATGGGGACCCCG,Csad_3
sgArhgef4_2,TGGGGATGTCATCGAAGTGA,Arhgef4_2
sgSerpine2_9,GTAATGCCAAGGGCTTTCAG,Serpine2_9
sgShmt1_8,AAAAGGAGAGCAACCGGCAG,Shmt1_8
sgKif23_5,ATCGTGTCAGACAGAAGGCG,Kif23_5
sgGstcd_5,GAATGAACCCGTAACAGCAG,Gstcd_5
sgDtl_2,CAGAAGGTGCATCCAAAAGG,Dtl_2
sgCd320_8,GGCTAGCTGTTGGATGGCGC,Cd320_8
sgE2f4_4,GCTGCACCCACACCTTGTGC,E2f4_4
sgDgkz_3,GGAGCACCTCAACTATGTGA,Dgkz_3
sgEsrrg_8,GTTGACGCTGTCCGTCAGGG,Esrrg_8
sgHes1_4,GACACCGGACAAACCAAAGA,Hes1_4
sgAcss1_4,AACGCAGCCCGGGAGTCGGG,Acss1_4
sgUtrn_6,GATAGATGCCATCCGAGAGG,Utrn_6
sgNrarp_9,GGGTGGCTATCACCGGCCGC,Nrarp_9
sgAxin2_8,GAAGGGTATGACACTGCTGA,Axin2_8
sgSycn_9,GGCACCAGGGACAGCCACCA,Sycn_9
sgHes1_5,CTATCATGGAGAAGAGGCGA,Hes1_5
sgC2cd2_8,GGTGGTGATCTGTCATGTGG,C2cd2_8
sgCdc25c_5,CAGAGGTCCAGATGAATCCA,Cdc25c_5
sgPwp1_7,CAGACAGGAGTATGTCATGG,Pwp1_7
sgMbnl3_1,GCAGGATTAGCTGCAAGTGA,Mbnl3_1
sgNmral1_5,ACGGCTGGGAAGCTGGCCGC,Nmral1_5
sgCcdc3_5,GATGCTGTGTGACCAGGCGT,Ccdc3_5
sgSp5_6,CAGCAGGTTGGAGTAGCCCG,Sp5_6
sgEll3_3,GATGCTAAGGCTCAACGAGG,Ell3_3
sgSerpine2_10,CAAACATCTCAGTAATGCCA,Serpine2_10
sgPtpro_1,GGTGATGTCCCCATAAGCAA,Ptpro_1
sgCdca7_8,TTCTTCTTCAGAGTCAGAGT,Cdca7_8
sgWfdc15b_10,CTACTGCCAGATGCGCTGTG,Wfdc15b_10
sgPsrc1_7,GAGCATGGAGGATCTGAAAG,Psrc1_7
sgNmral1_10,GCTTAGCAAGCACACTGGCA,Nmral1_10
sgNufip1_7,GATCCAAGTGGGAGAACCAG,Nufip1_7
sgPogk_8,GGTACCAGCTCTATTTGATG,Pogk_8
sgAxin2_3,GCTGGACAAGCCAACCACGG,Axin2_3
sgGstt2_9,TGGCATGCCGACAACATCCG,Gstt2_9
sgDvl1_8,GGACTGGCTGTACACACACG,Dvl1_8
sgSmo_4,CAAGTGTGAGAATGACCGAG,Smo_4
sgLmcd1_10,GCACACTCTCACAGTAGTGG,Lmcd1_10
sgNpm3_6,AGGTGACAGGTGGTTGGAGT,Npm3_6
sgCd44_5,GCAATATGTGTCATAGTGGG,Cd44_5
sgE2f2_3,GCAGGTGCCCAGCGCCACAG,E2f2_3
sgGkn3_1,AGCGTTCAGAGTGAATGGGA,Gkn3_1
sgLrig1_9,AGGTAGCTTGGAACATCTGG,Lrig1_9
sgGen1_8,GAGACTCAAATCAACGGCAA,Gen1_8
sgDkk1_4,TAATGACCACAACGCCGCCG,Dkk1_4
sgDph6_5,TGACTTGTATGCTGAAGCAA,Dph6_5
sgClca4_8,AATAAGCTCGTGCTTTCAGG,Clca4_8
sgBmyc_7,CGAGCTGCCAGGAGGAGACG,Bmyc_7
sgCirh1a_3,GCTGCGACGTGGGTACCCGC,Cirh1a_3
sgDkk1_5,GGGCAGGTTCTTGATCGCGT,Dkk1_5
sgPpp1r9a_3,GGGGAACAGAAAACGAAAGA,Ppp1r9a_3
sgAcss1_1,AAGAGACATGGAGTGCACCG,Acss1_1
sgDkk2_2,CGATCTGCAGGCATGAACCA,Dkk2_2
sgUbe2h_3,CAGCATTGAAAGCAAACATG,Ube2h_3
sgHey1_2,AAAATGCTGCACACTGCAGG,Hey1_2
sgSmoc2_6,GAGGAAGTATACCCAGGAGC,Smoc2_6
sgId3_5,CCCGCAGGCGCGAGTAGCAG,Id3_5
sgVars2_2,GGGCAGCAGCTCCCTCAGGG,Vars2_2
sgCdca7_7,ACTGCCGAAACCCAGACTGC,Cdca7_7
sgPrkacb_2,GAAGAGAATCCTGCAGGCCG,Prkacb_2
sgSurf2_7,CACGTGCTGAGGCACACCCA,Surf2_7
sgLimk2_5,GCCGTAGCTGGTCCAGGCGC,Limk2_5
sgDkk2_9,CGGCATAGAGATCGCAACCA,Dkk2_9
sgLimk2_3,GGTAGGACTCACCATTCCAG,Limk2_3
sgXrcc5_2,GGCGTCCTTAATGTAAGGGA,Xrcc5_2
sgDgkz_9,CAGGAGCTACACCGAGCAGG,Dgkz_9
sgTrp53_1,GAAGGGACAAAAGATGACAG,Trp53_1
sgTubb2b_6,CAAAGGGCCACTACACAGAG,Tubb2b_6
sgVars2_8,GCAGCTATGGAAGGAGCAGA,Vars2_8
sgAxin2_6,GCGGCTGCAGCAGATCCGGG,Axin2_6
sgQsox2_3,GCTGCTCTTCCTGCTGGCGG,Qsox2_3
sgId2_8,CCAGAGACCTGGACAGAACC,Id2_8
sgKlf9_2,GCTGCGACTACCTGAGCGCG,Klf9_2
sgNotch2_5,GCAGTTCTGCACAGAAGATG,Notch2_5
sgNpm3_1,TTTCAGCTGTGCCTTACCGA,Npm3_1
sgAdk_1,GAAGAGATCATTGACACCAA,Adk_1
sgHeyL_5,GGCTTGCATCTGCGAAGGGC,HeyL_5
sgDgkz_10,GCAGATGGTGCGCTGACCCA,Dgkz_10
sgGstt2_8,GCTGGAGGACAAGTTCCTCA,Gstt2_8
sgIpo4_3,GCAAGGCAGCAGGGTCCCGA,Ipo4_3
sgPwp1_3,AGAAGGTGGGAGTGAAGAAG,Pwp1_3
sgPls3_2,GCACTCACCAACTTTTGCAA,Pls3_2
sgCcdc3_4,GGAGGTCCAGGAAGACAACA,Ccdc3_4
sgDctd_7,CTTGTCAGCACAAAGAAGCA,Dctd_7
sgDkk2_10,ATTCCAACCATGACCTGGGA,Dkk2_10
sgMap2k5_4,GAAGCGAATCTGAGACCACA,Map2k5_4
sgSmoc2_3,CACACACCAGCAGTATCCGG,Smoc2_3
sgSupt3_7,GTTCTCAGGAGAGTCTGGGC,Supt3_7
sgLrig1_4,AGTCTGGTGGAAGTGAACAG,Lrig1_4
sgL1cam_3,GAATCTGTATGAGCAGGCAG,L1cam_3
sgMrto4_8,ACAGCAAGCTGAAAGACATC,Mrto4_8
sgEsam_8,CCAGCGCCGGAGCAAGACCT,Esam_8
sgShmt1_10,TGACGTTACCAGCAATGGCA,Shmt1_10
sgAdrbk2_6,CGAGCGCTGGCAGCAAGAAG,Adrbk2_6
sgHey1_1,GCTGGACGAGACCATCGAGG,Hey1_1
sgCyp2e1_7,GGAACACAGGAATGTCCCCT,Cyp2e1_7
sgFam65b_4,AGGATGTCCATGTACAGCCA,Fam65b_4
sgBop1_10,TCAGGAGCTGCAGATACAAG,Bop1_10
sgIncenp_7,GCAGTCGCAGATCAAGCAGA,Incenp_7
sgDkk2_3,AGTAAGAAGGGCAAAAGCCT,Dkk2_3
sgTufm_7,TCCACCCAGAATATGATCAC,Tufm_7
sgAcss1_5,GTTACTGGGAGACAGTGCAG,Acss1_5
sgClic6_8,GAGTTGAAGGGACCCTGCGA,Clic6_8
sgSox4_10,GGACGACGAAGAGCCCGAGG,Sox4_10
sgClic6_5,TCGGAGAGTGAGCCCCAGGG,Clic6_5
sgIpo4_2,GCAGCAAGGGAGGCACGAGG,Ipo4_2
sgPola2_3,TACACCTCCAGAACCAACCG,Pola2_3
sgNpm3_5,CACCACATTACACTCGTCCG,Npm3_5
sgWfdc15b_4,GATGCGCTGTGTGGATCCAT,Wfdc15b_4
sgRnf43_7,CAGGATGCTGGCGAATGAGG,Rnf43_7
sgSurf2_10,GAAGTGCTCTCTGATACCTC,Surf2_10
sgEvl_7,GGAGCTGCACAAGGTGAAGG,Evl_7
sgPolr1b_7,TGAGGACCACCACCGTGCGC,Polr1b_7
sgBmyc_9,GCTGTGCGCAAAGAAGGCAC,Bmyc_9
sgPsrc1_1,GGTGCTCCAAGAACTCACGG,Psrc1_1
sgCdc25b_7,GCTCAGACGAGAATTCACAG,Cdc25b_7
sgNufip1_3,AGAATCTGAGCATCGAACGG,Nufip1_3
sgEvl_5,GCTGGGAGTGTGAATGACGT,Evl_5
sgId2_2,AACGGACCTCACCGGACTGA,Id2_2
sgPwp1_8,CATAGGGAATTACATTGCTG,Pwp1_8
sgFads1_2,CGTTTGGCGGAGCTGGGCGG,Fads1_2
sgEll3_1,GAGATCAAGAGACTTCAGCG,Ell3_1
sgPsme3_2,GCTCTGAGATGATGAGCCGG,Psme3_2
sgSupt3_4,ACACTGCCAAAACCAAGCAG,Supt3_4
sgTrp53_2,GAAGTCACAGCACATGACGG,Trp53_2
sgDkk1_2,GATGAGAACTGAGTTCAAGG,Dkk1_2
sgPde4b_1,TAACTACTCACATCCAGTGC,Pde4b_1
sgE2f4_10,GCAAGAACTGGACCAGCACA,E2f4_10
sgImp3_3,GAGCAGGGTCATGTCCGCGT,Imp3_3
sgRcc2_6,GTACATGGTAGACTCTCGGG,Rcc2_6
sgRnaseh2a_3,GGGGCTGATACAGTACGCAC,Rnaseh2a_3
sgDdb2_2,GCAGGGATTCAGGGCCACGT,Ddb2_2
sgZc3h10_5,GGAGGAGGCACTGGAGGTGG,Zc3h10_5
sgClic6_3,CAAGCGCCCAGCAGGTGCAG,Clic6_3
sgZc3h10_4,GCCACTTTCTGCCTCAGCCG,Zc3h10_4
sgKlf9_4,AGACTGTCGCTGCACACCGA,Klf9_4
sgMbnl3_5,AATTCGTACAGATAGACTGG,Mbnl3_5
sgRnaseh2a_4,GTAACAGATGGCGTAGACCA,Rnaseh2a_4
sgDtl_9,GGGTACTTGAAGGAAGAGGG,Dtl_9
sgUtrn_8,AAGGTGGGAGGCGCTCCGGG,Utrn_8
sgNotch1_6,GCACATAGGGCAGTTCACAG,Notch1_6
sgEspl1_10,TGGCTGTCCCAGCTATGCGC,Espl1_10
sgNr5a2_10,CAGGACTGGTCCGATCGCAT,Nr5a2_10
sgFstl1_1,AATGTGCCGTCACAGAGAAG,Fstl1_1
sgGnl3_10,ATGGCACTGGCAGCCTCCAG,Gnl3_10
sgFads1_1,GGTAGACCAGGAAGAAGAGG,Fads1_1
sgCdc6_6,GGACATGCAATTCAGCAGGA,Cdc6_6
sgZc3h10_2,GGTGGAGGCCCTGGAGGTGG,Zc3h10_2
sgPola1_1,AAAGACATCACCACAAGTGG,Pola1_1
sgCtps_5,AGAGCCGGCAACCTTTCTGA,Ctps_5
sgTrp53_7,CATCGGAGCAGCGCTCATGG,Trp53_7
sgEsam_3,GGAGTCATGACAAATAAACC,Esam_3
sgScn2b_8,GAAGATCATTAACCTGAAGC,Scn2b_8
sgCtps_2,GACATGCCAGAACATAACCC,Ctps_2
sgBmyc_4,CATGTGCGACGATGAGGAGG,Bmyc_4
sgSlco3a1_4,GAGAGGCCCAAGCCCAGCAA,Slco3a1_4
sgAqp4_3,CAGTAGAGAGAGCATCATGG,Aqp4_3
sgZc3h10_1,GCCAACGGCACTGGCAGCAG,Zc3h10_1
sgShmt1_6,GAACACGGCAGAGTTGATGA,Shmt1_6
sgPola1_10,GAATCCACTTGAACTTCCTG,Pola1_10
sgSp5_3,AGCAGTAGCCATGGCCGCTG,Sp5_3
sgZfp369_6,ATCCCTCTATCCAGAAAGTG,Zfp369_6
sgSorcs2_3,GCAGCAGAGCCTGAAAGCTC,Sorcs2_3
sgMrto4_2,GGAACGCCTGGAAACACAGC,Mrto4_2
sgPpp1r9a_5,GAGTTTGTGGAGAAAACGGA,Ppp1r9a_5
sgVav3_1,AGGGCCATTCAAACCACCAG,Vav3_1
sgKlf9_3,CCAAGGAACACGGTGACCCG,Klf9_3
sgCdc6_4,GCAGAAATGTCCGCCGGAGA,Cdc6_4
sgIncenp_9,GCAAACCTGACACTCTGGGG,Incenp_9
sgNmral1_1,TAACAAGAAACCCTGAGCAG,Nmral1_1
sgFam65b_2,GCTGGCAGGGGACGTCGCGA,Fam65b_2
sgMcc_8,CAAGATTAGAGAGTTTGAGG,Mcc_8
sgAlg1_6,GGGCAGGTCCAGACCACTGG,Alg1_6
sgGstcd_6,AGCAATTCTGGACAATCGGA,Gstcd_6
sgArhgef4_9,AGCCAGAACAGAAGCAGCGC,Arhgef4_9
sgMcat_10,GCTGCGGCTGGCTTCAGTGT,Mcat_10
sgPwp1_9,ACTGGACGATGACGAGCTGG,Pwp1_9
sgPla2g4a_5,GAGAGGCAAAGGACACCGGG,Pla2g4a_5
sgBop1_1,TCAGGATCGCTGAGGAGAGG,Bop1_1
sgSurf2_8,GCAGACGGCAGGGCAGCTCA,Surf2_8
sgClca4_5,GTGTATGCAAGGGTCAGCCA,Clca4_5
sgPola2_9,GTCCACCCAGCAGCTGGCGG,Pola2_9
sgNol9_2,TCAGGACCCCAAACCGACGG,Nol9_2
sgAxin2_7,GCTATAGCGACCCACACCAG,Axin2_7
sgSp5_10,GCCGATCCGGCTACAGGTGG,Sp5_10
sgDvl2_7,GCATCACTCACTTCGAGGGA,Dvl2_7
sgSp5_5,CTGGAGGGTGAACCCAGCGC,Sp5_5
sgArhgef4_8,GGTAGATGTGGAAGATGGGA,Arhgef4_8
sgAlg1_3,GTTATCACACAGACGAGGGA,Alg1_3
sgIncenp_10,GTGTGCAGGAAAGTCCGGAG,Incenp_10
sgSoat1_6,TGAGAGCACCTCCAGAACAA,Soat1_6
sgWdr35_8,CAAGGGTTCATAGCATGTGG,Wdr35_8
sgAxin2_9,TCTTGGGGACAGCGTGGTGG,Axin2_9
sgBms1_8,AAAGCACTCCGGGCTCCCGA,Bms1_8
sgEsrrg_3,GGTCTGGGGATCCTCTACGA,Esrrg_3
sgVav3_7,TGAGAACTTACACATGGAGA,Vav3_7
sgAdrbk2_10,GCTTGAAGAGCATACAGCCC,Adrbk2_10
sgIer5l_8,ACAGCAGGGGCAGTGGGCGG,Ier5l_8
sgDtl_7,GAGCTGATGGGGACATGCAA,Dtl_7
sgPsme3_5,ATTGGGCATCACAAACACCT,Psme3_5
sgMrto4_6,GCCAGTGACCTACCTGATGT,Mrto4_6
sgBop1_7,GCGAGGGGACTATTTGGCGG,Bop1_7
sgAtoh1_8,CAGCTGTGCAAGCTGAAGGG,Atoh1_8
sgTns3_5,GCAGCCTGTATGCCAAGGTG,Tns3_5
sgPpp1r9a_6,GAACCACAGGATGAGTGGGG,Ppp1r9a_6
sgNav1_6,GGAGTCGTCCCAGGAAAAGG,Nav1_6
sgFam122a_4,GAAATCGATGCGCTTCGGGG,Fam122a_4
sgTube1_5,GAGCTGGTGATCCTTACTAA,Tube1_5
sgEll3_5,GCGACTTTGGCACCATGGAG,Ell3_5
sgPola2_6,GGATGCTAAACATGAACAGG,Pola2_6
sgCyp2e1_1,GGTGATGCCAAGAACCGCCA,Cyp2e1_1
sgGstcd_2,GAGTACTCTCACCAAACAGA,Gstcd_2
sgCdca7_3,CTAGAGACTGCAGTTGAACA,Cdca7_3
sgCox6b2_9,GACACAGTGAATGGAATACA,Cox6b2_9
sgIncenp_3,GGAGCAGGCAAAGAAAGCTA,Incenp_3
sgLmcd1_8,GGGTGATCCATCCAAAGAAG,Lmcd1_8
sgNufip1_4,GGAGCCTGGGCATCGAAAGG,Nufip1_4
sgHes1_9,AAATGACTGTGAAGCACCTC,Hes1_9
sgId3_2,CTACATCCTCGACCTTCAGG,Id3_2
sgDkk3_10,GAGATCCAGCAGCTGGCTGG,Dkk3_10
sgDkk3_2,AGCGCGGAACAAACATGCAG,Dkk3_2
sgZfp369_2,TGTATCACTGAGATTTACCG,Zfp369_2
sgShmt1_4,GGCTTGGACCTGCCAGACGG,Shmt1_4
sgHes1_2,GCAGTCATCAAAGCCTATCA,Hes1_2
sgCox6b2_3,GGCGTTGTCCATTGGCCCGG,Cox6b2_3
sgPla2g4a_9,GCTTTATTCAATACCCGAGA,Pla2g4a_9
sgVars2_3,GGTGGCCGGAAAGAGGCCAG,Vars2_3
sgSoat1_4,GTAACTCAGGCAGATGGCGA,Soat1_4
sgNfs1_8,GACAGAACACAAATGTGTGC,Nfs1_8
sgPrelp_4,GCATTCTGGAAAGATTCCAG,Prelp_4
sgVav3_6,GGTGGTCCTTCATGAAGCCC,Vav3_6
sgDiap3_10,AGGAATCCCAGAGGAGGTGG,Diap3_10
sgCdc25b_3,GGATGACGAGAAGGTCCCCG,Cdc25b_3
sgEll3_4,GAGTTGGGGCTGCAAGCCAG,Ell3_4
sgPtpro_4,AGAGGTGAACCCTAACGTGG,Ptpro_4
sgGen1_9,ACTGGTGTTTGTAATGGAAG,Gen1_9
sgCsad_1,GAAGTGAAGAGAGCCAAGGG,Csad_1
sgEsrrg_1,GCGATCGGTACACAACGCCG,Esrrg_1
sgGen1_10,TCGAGTGCCTGGGAATGCCC,Gen1_10
sgAtoh1_3,GGTGAGCTGGTAAGGAGAAG,Atoh1_3
sgNufip1_6,GAACAGTCTCAAGATCCAAG,Nufip1_6
sgWdr35_1,TAACCAACCAAAGGCAGCGG,Wdr35_1
sgClic6_7,GCTCCAGGAGGAGACCGGGG,Clic6_7
sgFads1_8,TCACTAAACAATGTCCGCGA,Fads1_8
sgPrc1_6,GCTTCAGCTCTTCTAAGGTG,Prc1_6
sgClic6_10,GCTCAGCAACCACTTAGCTG,Clic6_10
sgSmo_7,ACATAGAAGAGAATAACCGC,Smo_7
sgNrarp_10,CGTCTGTGGCGCCGAGCAGG,Nrarp_10
sgVars2_6,GAGCCGGTGACATTGGGAGG,Vars2_6
sgMdc1_9,GCATCATTGGGCCTACGGGG,Mdc1_9
sgHist2h2ab_10,ACTAGCTGTGAGGAACGATG,Hist2h2ab_10
sgCcdc3_10,ACACAGCATCTCCACCTCGG,Ccdc3_10
sgSycn_4,AGGGCTAAAGCCAGCAGCAG,Sycn_4
sgPinx1_4,AGATGCTTGAGAAGATGGGG,Pinx1_4
sgSorcs2_1,GGAGCATCTCCACAAGGAAG,Sorcs2_1
sgSorbs2_8,CCCGAGTAACTGCAAAGGGG,Sorbs2_8
sgRnf43_1,GCAGCTGGTAGCATGAGTGG,Rnf43_1
sgRnaseh2a_6,AGACCTTGACAGAGAACGAG,Rnaseh2a_6
sgAfap1_7,GTGATACTGCAGCCCTGCAG,Afap1_7
sgNfs1_6,TGAGTTGGCACAACAAGAGA,Nfs1_6
sgFgfr4_10,GTACGACGGTCATGGAGCCA,Fgfr4_10
sgGle1_10,GTTCTCAGACCTGCAGGTGA,Gle1_10
sgTns3_2,GGTAGAGCTTCAGAAAGGGC,Tns3_2
sgCtps_7,GGATTGCATCAGTGATGTGA,Ctps_7
sgCd320_7,GCTCACTCTCCTGACAGGGT,Cd320_7
sgMap2k5_6,ACCCTTGGTCATGGCAACGG,Map2k5_6
sgEsrrg_9,ACTGTAACTCCCACTGGCGT,Esrrg_9
sgLrig1_6,GCAGCACTGAGAAAATGCTC,Lrig1_6
sgAdk_10,TCACCGTCTCATTTCCAAAG,Adk_10
sgClic6_6,GGACCAGGGCAAGCTCCAGG,Clic6_6
sgNol9_7,GACCGCCGTACACTCACCAG,Nol9_7
sgFgfr4_9,GAGAGGGGCACAGGATGGAG,Fgfr4_9
sgHunk_8,TGTGTGATCAGCGAGGGCGA,Hunk_8
sgTufm_5,ACCCTACTCACTTTTCGTGA,Tufm_5
sgRnf43_8,GCATCCTGCAGCTTGCCCAG,Rnf43_8
sgExog_10,ATCGCCGCGAGTCCCTGAGA,Exog_10
sgTufm_2,GAGGAAACTCCAGTCATCGT,Tufm_2
sgCdc25c_2,TAACTCACCAGCTCACACAG,Cdc25c_2
sgWdr35_3,GGGCTACTGTTCCAACACAG,Wdr35_3
sgMap2k5_2,AACATGCTTGTAAACACAGG,Map2k5_2
sgPolr1b_1,GCCGAAAGAGCACCTACCGA,Polr1b_1
sgPpm1b_8,GCTGCTTCTTCGAACAGTGA,Ppm1b_8
sgE2f4_3,AATCCAAGAACAGCATCCAG,E2f4_3
sgPrkacb_5,GGCTGGTCAGCAAAGAATGG,Prkacb_5
sgAfap1_10,TGAGCAGACATCATCAGCAG,Afap1_10
sgAcss1_9,GCTGTTATCACCTTCAACCA,Acss1_9
sgSp5_2,GAGGACGGCCACAGCGGCCA,Sp5_2
sgId3_8,CTCCCGGCACCAGTTCCCGC,Id3_8
sgRad51b_3,GCCTTGTGGATCTCTCACAG,Rad51b_3
sgHes1_7,CCGGCATTCCAAGCTAGAGA,Hes1_7
sgBop1_6,CCGGTGGCTAGAGGTCTCGG,Bop1_6
sgZc3h10_7,GCAGTCTGCACTCAACCCCA,Zc3h10_7
sgFam60a_3,AGGTTGCATGAGACTCGCTC,Fam60a_3
sgDkk2_5,GAGCTGGGATATGTGGGGTG,Dkk2_5
sgRcc2_2,GAGCGCTGCAGCAGCAGCAG,Rcc2_2
sgSox4_1,GACGCGGTGGAGCCAGGCGT,Sox4_1
sgPla2g4a_10,AAAGGTGCATAACTTCATGC,Pla2g4a_10
sgMak16_4,GCATACTGACTATTTGCCAG,Mak16_4
sgShmt2_7,GAACTGGCGAGAGGTCAACG,Shmt2_7
sgPsme3_9,AGTTGCTGAACTAAGAACTG,Psme3_9
sgMcat_6,CAGGCGGTCGGCATGGGCAG,Mcat_6
sgPinx1_6,TTGTAGCTCCAAGTCCCAGG,Pinx1_6
sgBmyc_1,GAGGCGAGTAGAGCCCGGCG,Bmyc_1
sgPsme3_1,GAATGGGGTCAGGGACTGGG,Psme3_1
sgSorcs2_8,GGGAATAGCGAACCCCACGC,Sorcs2_8
sgKlf9_9,GCACTTGTGCCTCTTTTCGG,Klf9_9
sgMdm4_2,AGATGCTGAACACTGGGCCG,Mdm4_2
sgPolr1b_9,CCAGCTTCTGCATCACCCGA,Polr1b_9
sgPlcb3_8,GCCTGTGAGGACCGAAGTGG,Plcb3_8
sgOpa1_3,GATGTGGCGAGCAGGTCGGG,Opa1_3
sgCox6b2_10,TGCAAGGTCATATTTTGCCC,Cox6b2_10
sgSox4_9,GTAGGCTGGCGTAGCCGCGG,Sox4_9
sgMbnl3_2,AGTTTGGCCTGCAAGTGGGG,Mbnl3_2
sgCcdc3_8,GGGGTGCAGCGCCAGCACCT,Ccdc3_8
sgWfdc15b_6,ACCTATTCTGGGCTCTCCCA,Wfdc15b_6
sgPrkacb_10,TCTGCGGAACCTGCTGCAGG,Prkacb_10
sgArhgef4_7,GCTGGACATGGATGACCTGG,Arhgef4_7
sgHist2h2ab_6,TATTGGGGAGGACCCCGCCC,Hist2h2ab_6
sgDiap3_2,GGTTCACTGAGTTATGCCGG,Diap3_2
sgAdrbk2_3,AGACCGAATGACCCTGACCG,Adrbk2_3
sgNav1_10,TCCTCGGGGACCCTATGCGG,Nav1_10
sgPinx1_7,GGAATCATCGTTACTCCACG,Pinx1_7
sgDiap3_1,GGGACAGCAAGTCGTCGCGG,Diap3_1
sgSlco3a1_1,GGTGCTCCAGAACAGACAGG,Slco3a1_1
sgNol6_3,TCGTCGGTGCTGCTCTCCGG,Nol6_3
sgGnl3_9,TGAGGAACTAAGACCGCTGG,Gnl3_9
sgRcc2_3,GAAGGGAAGCTGTGGAGCTG,Rcc2_3
sgVav3_8,CAGGTCATTAGGAACTACAC,Vav3_8
sgSoat1_8,ACGAGTACTAAATGCAGCCA,Soat1_8
sgSlco3a1_2,GATGCTGGCGCAGGGTACGG,Slco3a1_2
sgGle1_9,GAGGTCTGGGTGGGAGGCGC,Gle1_9
sgIpo4_5,GTGAGGACCTCAGAGAGGTG,Ipo4_5
sgSh3bp5L_1,CCAGCAGGAGACACAGAAGG,Sh3bp5L_1
sgSh3bp5L_4,GTCGAGCCTCATAGTAGGGC,Sh3bp5L_4
sgPtpro_3,AAACTGCAGGATGCTCTCGG,Ptpro_3
sgClca4_7,GAGCAGTGAAAATGTAGGCA,Clca4_7
sgIer5l_9,GGAGCGCCCTGGCCACAGCA,Ier5l_9
sgMcc_3,GGAGAAGGAGAAGAAAGCCC,Mcc_3
sgPlcb3_6,CCGCAGGGTCTCCACCACGG,Plcb3_6
sgCsad_7,GCTACCCAGACTGCAAGCAG,Csad_7
sgEsrrg_4,CAAGAGCATGAAGCTAGAGA,Esrrg_4
sgGle1_8,TGTAATCCTCACCTCCAAGG,Gle1_8
sgCdca7_9,TCCCAGGTGTGGCTACCAGA,Cdca7_9
sgAdrbk2_9,ACAGCCCAGGGAGAACCAGT,Adrbk2_9
sgIpo4_7,CAGGCGACCACATCAGGCAG,Ipo4_7
sgPolr1b_6,GGAAATGGGAGAGGTAGCGA,Polr1b_6
sgDdb2_7,GCTTCGGGCTCCAGCTCCTG,Ddb2_7
sgSycn_3,CAAGACCCGCAAGTTCACCG,Sycn_3
sgAqp4_2,ACAGAGCTGCGGCAAGGCGG,Aqp4_2
sgKif23_4,TATGTGGCCTGACACCCGGG,Kif23_4
sgNav1_7,CCCGAGGTGGAGCTGAGCGG,Nav1_7
sgOpa1_5,GGAGCACCTTGAGCTTCCTG,Opa1_5
sgBmyc_5,ACGGCGACCGCTTCGCAGGG,Bmyc_5
sgRad51b_5,AGGGTAGTAGACAGGAATGC,Rad51b_5
sgAlg1_2,GCAGCCCACAAACCAGCAGA,Alg1_2
sgRad51b_6,TTGGATGAAGCATTGCACGG,Rad51b_6
sgNotch1_9,GCCACCGTTGACACAAGGGT,Notch1_9
sgGnl3_4,GCAGTCTAATGTGGAAACTA,Gnl3_4
sgEsrrg_7,GAATGGCCATCAGAACGGAC,Esrrg_7
sgCtps_9,ATATCCTCACCTCAAATCGG,Ctps_9
sgKlf9_7,GGAAACACGCCTCCGAAAAG,Klf9_7
sgPinx1_5,GATGGGGTGGTCTAAAGGAA,Pinx1_5
sgCd320_9,ACTTGGACCCGGGTATGGGC,Cd320_9
sgMap2k5_8,TGCCATGGAGAACCAGGTGC,Map2k5_8
sgKif11_4,CAAGATGGAAACCACACTAG,Kif11_4
sgPinx1_1,GCAGCACTCAACACTTGCCA,Pinx1_1
sgPlcb3_7,GAGACGGCGCTGGAGTCCTG,Plcb3_7
sgPlcb3_4,ACTTCCTCTAGACTATGCGG,Plcb3_4
sgSoat1_2,GAGAACTCTTGCTGTAACCG,Soat1_2
sgHeyL_1,AGGGCGCCCAGTGGCTCCGA,HeyL_1
sgDtl_3,GTGTCCATCAGACTTCACCA,Dtl_3
sgWfdc15b_1,TGGTCACTGCGAGTAGAGAG,Wfdc15b_1
sgHey1_10,CAGCTCCTCAGATAGTGAGC,Hey1_10
sgPwp1_2,CCAGCCAGAACCACCGCCAG,Pwp1_2
sgNcapd3_5,GAGCCAGGCAGAACTCCCCA,Ncapd3_5
sgSycn_1,CAGGCGAGGGTAAGAACCCG,Sycn_1
sgMak16_2,GGAGAGACTGAAACAAGATA,Mak16_2
sgWwtr1_3,GGATTGGCGCGAGTGCGAGC,Wwtr1_3
sgDkk2_8,GCTCACAGCTAGGCAGCTCG,Dkk2_8
sgSorcs2_4,GGTGGCTGCCTGCGGAGCGA,Sorcs2_4
sgThap3_5,GAAACACAATGCTGTGCCCA,Thap3_5
sgClic4_3,GGAAGTGATGGTGAAAGCAT,Clic4_3
sgSmo_3,ATGTAGACAGCACACAGCAG,Smo_3
sgNotch2_3,CAGAAGCCTTGCCTGAACGG,Notch2_3
sgCd320_2,GGTATGGGCCGGAGCCGGAG,Cd320_2
sgKif11_10,TGACCTGCAAACCAAGACAC,Kif11_10
sgEsrrg_10,GCCTCCCAGGATCGGAGCAG,Esrrg_10
sgThap3_9,CAGGTTCTTGCGGTTCCCAA,Thap3_9
sgPeli2_2,GCTTTACCTAATGGTGACAG,Peli2_2
sgWdr35_7,GCGCAGCGGCAGCTCTACGA,Wdr35_7
sgAtoh1_9,TGAATGGGGTACAGAAGCAA,Atoh1_9
sgMdc1_10,CAAGACCAGAGCACAAGTGG,Mdc1_10
sgBms1_9,AAAGGCAGGCAAAGTGCCGA,Bms1_9
sgIncenp_6,AGTGCTGACCAAGAAAGCAG,Incenp_6
sgIgfbp4_2,GAGGTGCTCACCACAGGACG,Igfbp4_2
sgPrkacb_3,GGGCTGCATAGAAACGGGCG,Prkacb_3
sgCyp2e1_8,CCACATGGAAGGACGTGCGG,Cyp2e1_8
sgFstl1_3,GAAGCTGAGATCATTCCAGA,Fstl1_3
sgNotch2_1,AAGGGCGGGACACAAAGCAG,Notch2_1
sgCdca7_6,CAGTTGCAAATTCCTCGACA,Cdca7_6
sgCdc25b_1,AAGAGTGGTAACCGGAGAGG,Cdc25b_1
sgPls3_8,GTTCTGGAAGATCTTGGAGA,Pls3_8
sgShmt2_3,GAGAAGGACAGACAGTGTCG,Shmt2_3
sgAscl2_5,GCTGCTCGCAGAGCACGACG,Ascl2_5
sgShmt2_5,GTGTTCCCATCCCTACAGGG,Shmt2_5
sgHes1_8,GACGGCCTCTGAGCACAGAA,Hes1_8
sgCdc25b_8,CAAACTCAAAGACCGAGAGG,Cdc25b_8
sgQsox2_2,CGCGCGGCTCGAAGAGACGG,Qsox2_2
sgLpcat2_5,CGTAGGAAACAGAGTCCCGT,Lpcat2_5
sgZbtb16_3,GCAGAACCCTAGCCACCCCA,Zbtb16_3
sgTns3_7,GGACTGGGGCCCTTCAGAGG,Tns3_7
sgPsrc1_4,GAGGGAAACCCAGTCCTCGG,Psrc1_4
sgMdc1_1,GAAGAGACAGAACTATCCAG,Mdc1_1
sgKlf9_5,AGGACTCGACCCAGATTCGG,Klf9_5
sgAcss1_2,GGAGTGGCTCCACAAAGTCG,Acss1_2
sgDvl2_2,GGTGAAGATCCCTGTCCCGG,Dvl2_2
sgXrcc5_9,GTCATAAGCATATCGGACGA,Xrcc5_9
sgSerpine2_6,TGATAGCTGGATGAACACCA,Serpine2_6
sgSox4_2,GGTACAACAGACCAACAACG,Sox4_2
sgPrelp_2,AAGACAGATGGAGGGCCGGG,Prelp_2
sgNotch2_6,ACCTGCACCAACCGAAACGG,Notch2_6
sgFstl1_5,GCCAGCTCCACAAAACACAT,Fstl1_5
sgAqp1_4,GATGAAGACGAAGAGGGTCA,Aqp1_4
sgSh3bp5L_6,CCAGTTCAGCCAAATCCTGG,Sh3bp5L_6
sgVars2_9,GAGCCGGGAAGACTTCCTCA,Vars2_9
sgKlf4_8,TCAGCCACGAAGCCGCCCGA,Klf4_8
sgC2cd2_10,GAGAGGACATACAAATCAGG,C2cd2_10
sgSh3bp5L_10,AGGCCAGGACCACCTATCGG,Sh3bp5L_10
sgPpp1r9a_1,GAGGGCTCCCAGCAGAGCAG,Ppp1r9a_1
sgKlf4_2,GCTGTACTCGCTGCCAGGGG,Klf4_2
sgPsme3_7,GGATCAGGAAGTGAAGCTCA,Psme3_7
sgTufm_8,CTTTCCAGGCCGGGGCACAG,Tufm_8
sgPeli2_3,TATAAGCGGACCTACGCCAG,Peli2_3
sgCd44_1,GTTGGCTGCACAGATAGCGT,Cd44_1
sgPtpro_5,TCAGGGATACAACTCACCCC,Ptpro_5
sgE2f4_8,TTGCTGTGCGCCAGAAACGG,E2f4_8
sgWwtr1_5,CACATGGCAAGACCCCAGGA,Wwtr1_5
sgNol9_8,ATGCAAGACCCGGATAGCGA,Nol9_8
sgAtad3a_5,GTTCCCTGCAGGCCATGCCA,Atad3a_5
sgPeli2_1,GTCACAGACACGGTTTCCGG,Peli2_1
sgSorcs2_10,ACAGCTGGTGGAGTATAAAG,Sorcs2_10
sgCyp2e1_9,TGTTCCTGCAAAGAACAGGT,Cyp2e1_9
sgEsam_10,AAATAAACCTGGAACAGCCC,Esam_10
sgQtrt1_2,TCCGGGACTGAAAATGGCGG,Qtrt1_2
sgKlf4_9,CAGCAGCCTCAGCCGCCAGG,Klf4_9
sgSec14l2_10,GCAGACCTTTGGCATCCAGA,Sec14l2_10
sgDiap3_6,AGAGCTAAGGTCAAATCCGA,Diap3_6
sgGnl3_6,GAGGCTTTGAACACCACGGT,Gnl3_6
sgFam65b_5,GAAGAGGCTCACCTCGGCTG,Fam65b_5
sgNmral1_3,GGCTGATAGGAAACTGGTGG,Nmral1_3
sgAtad3a_3,AAGCAGGAGGCCATACGGCG,Atad3a_3
sgTrp53_5,GCAGACTTTTCGCCACAGCG,Trp53_5
sgMdc1_6,CAAAGGGTGAAGATGGCCCG,Mdc1_6
sgRnaseh2a_8,TAGATCCCAAGACCAAAGCC,Rnaseh2a_8
sgCdc25c_6,CCAGTTAACTGTCTATCCAG,Cdc25c_6
sgEvl_9,GGCGGGAGCCAAGCTAAGGA,Evl_9
sgHist2h2ab_1,GGACGACCGCGACTTCGCCT,Hist2h2ab_1
sgClic4_9,CTTGACGAAGAGCTCGATGA,Clic4_9
sgZbtb16_8,GCCTACCTGTATGTGAGCGA,Zbtb16_8
sgRad51b_10,GCAAAGATGAACTCTACTGC,Rad51b_10
sgSec14l2_3,GCACCTCTGGAAACCTGCAG,Sec14l2_3
sgIgfbp4_8,CCGTGCATCAATGTACGCAG,Igfbp4_8
sgFads1_6,GCCTCTTCCCCACCATGCCG,Fads1_6
sgZfp369_5,CTGAGGCATCACATTTGCCT,Zfp369_5
sgSox4_7,CGCCGGGACCAGCTTAGCGT,Sox4_7
sgNav1_2,GTGGACAGTCGTGTCCCCGG,Nav1_2
sgPpp1r9a_2,GAGCAGAACCCAAAACGCCA,Ppp1r9a_2
sgNfs1_4,AGGGCCTCCACACGTACCCG,Nfs1_4
sgSox4_4,GGAGAAGGGCGACAAGGTCG,Sox4_4
sgCttnbp2_3,CTAGAGCAGGAAGATGGCGA,Cttnbp2_3
sgUtrn_7,ACAGCACACCAGAGCAGCGT,Utrn_7
sgFam122a_6,GGAGAAGATGGAGCTGGACC,Fam122a_6
sgSec14l2_2,TGACCTGAGCCCCAAACAGG,Sec14l2_2
sgIncenp_1,AAAACCGTCGGAAGAAGAGG,Incenp_1
sgThap3_7,CGAGATGCCGAAGTCTTGCG,Thap3_7
sgGstt2_10,CCAGGTTCCCCAGGAGAAGG,Gstt2_10
sgCdc6_10,GGCTTACCCAGACGTTTTCG,Cdc6_10
sgHeyL_4,GGGTCCATCAGACTCGCCGT,HeyL_4
sgAqp1_7,TGTGGGAGCCATCGTCGCCA,Aqp1_7
sgPwp1_5,GCCCACTGAACCGCCACTGG,Pwp1_5
sgCdc6_2,GAAAATCAAAGAGGTCACCC,Cdc6_2
sgShmt2_2,GGAGCTTCTGCAGAGGGAGA,Shmt2_2
sgNufip1_8,GGAGTCAGATCCGGGGCCGA,Nufip1_8
sgGstt2_3,GGAGCACTCCGAAAGTACCA,Gstt2_3
sgCdca7_2,TGGCACTGCCCACCTTGTCG,Cdca7_2
sgDkk1_7,ACTGCTCCAGCCCCAGCCGC,Dkk1_7
sgVars2_5,GGACTGTAAGCAGGAGGCAG,Vars2_5
sgImp3_4,GGAATGGGTCGCGTTCCGGC,Imp3_4
sgRnf43_2,GACACCCACACAGAAAACGG,Rnf43_2
sgQsox2_4,TGGGTGCGTAGCCGATGCAG,Qsox2_4
sgSerpine2_7,GAAGGGGCACTCACTTGGGT,Serpine2_7
sgE2f2_9,CAAGGGGAAGTGCATCCGCG,E2f2_9
sgBmyc_3,CGTTAGCGAGGCTCACGTGG,Bmyc_3
sgNcapd3_7,GAACATGCTAATGCAACCAA,Ncapd3_7
sgNrarp_2,GCAGCGCATCTTCCAGGAAG,Nrarp_2
sgCdc6_3,TACGTCCACACACGGAGTGG,Cdc6_3
sgCcdc3_2,AGGGCTCTTCTACTCCGCCG,Ccdc3_2
sgAfap1_3,GGATCACCTCGCAGCCACGG,Afap1_3
sgCirh1a_5,GAATATGAAGGGCAGAGCGC,Cirh1a_5
sgTns3_6,GATATGCGCAGCAAGTACAG,Tns3_6
sgDdx10_7,AAGCCTTATACCGCCTGCAG,Ddx10_7
sgAfap1_5,GAAGAGGAAGAGGACGGGAA,Afap1_5
sgPtpro_2,GATGGTCTCTGAGGAAGAGG,Ptpro_2
sgAcss1_8,GATTGGAGCTATCCACACAG,Acss1_8
sgEsam_1,GCTCCCCGCCTGGTACACGA,Esam_1
sgThap3_8,GGAAGGTGAGCTGCTTCCTG,Thap3_8
sgQtrt1_4,CACAGGCATGAACACAGGGG,Qtrt1_4
sgDiap3_3,GCCCCACCAGCACTCAGTGG,Diap3_3
sgSlco3a1_9,CAATGGGTCCAGCAGTGATG,Slco3a1_9
sgRpS23_1,AAGTCACCTCAATGAAGTTC,RpS23_1
sgIpo4_8,TATCAGCAGCTACTCTGAGG,Ipo4_8
sgCar12_8,GGCTCTTCAAAAGGAAGAAG,Car12_8
sgDtl_5,GGAGTACAAGCTGCTGACGA,Dtl_5
sgPrkacb_1,GAGGAAGAAAACCCTCGGGA,Prkacb_1
sgLmcd1_6,CAAGAGCGAGGCCCTTGGGG,Lmcd1_6
sgGstcd_8,GCTGCCGTCAGCCCGAAGGA,Gstcd_8
sgFam122a_3,GCTGTGCATTCGGACCGGCG,Fam122a_3
sgWdr35_2,GAAGGTAGTCACTCAGGACA,Wdr35_2
sgSox4_8,GGGGTGGCCAGCGCACTGGA,Sox4_8
sgKlf4_1,GCTGCCAGCAACACAGGTGG,Klf4_1
sgCox6b2_8,AGGGTTGTGTGCTCTTTCCG,Cox6b2_8
sgShmt2_6,GCAGGTCCACCAGCACCAGG,Shmt2_6
sgPeli2_4,AATAAGGCCATCAGCTCCAG,Peli2_4
sgNufip1_10,GGGCTCGGAGCAGAGCCGGA,Nufip1_10
sgClca4_9,AGGGCTTCGATTTTATGCCA,Clca4_9
sgCyp2e1_2,AAGAGAGGCACACTTCCTGG,Cyp2e1_2
sgKif23_9,AGTGGAAGTGGCAAGACCAG,Kif23_9
sgWee1_5,TTGCGGAAGGTCTTGTGCGG,Wee1_5
sgCd320_10,GGGGACCAGGACTGCTCTGA,Cd320_10
sgZfp369_9,ACTTCTATGGACCCCGGAGA,Zfp369_9
sgGle1_5,CAAGCCAGATGCAGATCCAG,Gle1_5
sgAdk_4,AGGGCGAGATGACACCATAG,Adk_4
sgEspl1_6,ACAGTCTCTGCTTCTCAGGG,Espl1_6
sgMcat_9,AAGGACAGACAGCATCCCAC,Mcat_9
sgDgkz_6,AGTGCTGCTCACCACTGCCA,Dgkz_6
sgPrelp_7,GAAGTCCTTGAAGTACCCGT,Prelp_7
sgQtrt1_8,CAGTCGCTCCGGAGCTCGGG,Qtrt1_8
sgTube1_4,CCTGACACCTCTGTACACGC,Tube1_4
sgVav3_10,GACACTGTTGAACTTCTGAG,Vav3_10
sgPlcb3_3,GGTGGGCATCTACGTCGAGG,Plcb3_3
sgWwtr1_4,CAGCTAGTCGAGGCCCCGGG,Wwtr1_4
sgFgfr4_7,GGGCACGGAGGAATTCCCGA,Fgfr4_7
sgPrkacb_4,CCAGGGTTACAATAAGGCGG,Prkacb_4
sgGle1_3,GTGTTCCTAGAAACAAGGGG,Gle1_3
sgWwtr1_8,GCGGCTTCAGAGGATCCAGA,Wwtr1_8
sgClic6_1,GAGCTGCGGACCTGGAGGGG,Clic6_1
sgSlco3a1_10,AGAGCCCAGAATAAATCCAC,Slco3a1_10
sgFam122a_10,GGGACTCTGGCTTCTCCGGG,Fam122a_10
sgKank1_10,TCAGGATAGCAGCTGCGAGG,Kank1_10
sgId2_7,CTTGGACCTGCAGATCGCCC,Id2_7
sgMak16_10,ACCCGTTCCCAGAGACGCCT,Mak16_10
sgAlg1_5,GCCCTCTCACCTAGAAGCAG,Alg1_5
sgSoat1_7,CAGTATCAGAATGAACCGGG,Soat1_7
sgPla2g4a_3,AGAAAACTTTCAGACAGCAG,Pla2g4a_3
sgDdx10_9,GTTCTGTTCCAACGTAGCAG,Ddx10_9
sgCd44_9,GAATACACCTGCGTAGCGGC,Cd44_9
sgGen1_6,GTGGTGGAAGATGGAGACCC,Gen1_6
sgBms1_6,AGAGGAGGAAGAGTACAAGG,Bms1_6
sgDdb2_8,ACGGAGTAGCAGCATTGTCA,Ddb2_8
sgHunk_10,GGACACGCCGCTCACCCAGG,Hunk_10
sgWee1_3,GACTTGCTGCTGCAGGGCGG,Wee1_3
sgPpm1b_6,AAACTACCGACAGCTGCTGG,Ppm1b_6
sgGkn3_2,TAAACAGCTTAGCTGCCAGG,Gkn3_2
sgTufm_1,GTAGTTCTAGCCGAGGGAGG,Tufm_1
sgCdc6_7,GTGGCTAAGCAACTCCCGAT,Cdc6_7
sgCcdc3_1,GAGTGGAGACCCTTGAGCGA,Ccdc3_1
sgScn2b_6,GTGACTTCCATGCTCCGCCC,Scn2b_6
sgFgfr4_8,GATGGACCTCGGAGCAGCGA,Fgfr4_8
sgNcapd3_10,TGAGAGCACAGTGCAAGAGA,Ncapd3_10
sgDtl_4,AAAGAAGTGAAAGCCTGCCC,Dtl_4
sgAtoh1_2,GGTGGCTGTGGCGTCAGCGG,Atoh1_2
sgHist2h2ab_3,GGAGCTCAACAAGTTACTAG,Hist2h2ab_3
sgCar12_10,GGTCTATCGGGGACTGCAGG,Car12_10
sgKlf9_1,GAGTCCTTCCCACAGCCCGG,Klf9_1
sgMdm4_10,GCTTTTCTGTGAAAGATCCA,Mdm4_10
sgDdb2_9,TGTTTCTGCCAAGAGCAGAG,Ddb2_9
sgPola1_2,AGAGGAATGGGAGTTAACAG,Pola1_2
sgGstt2_2,GTAGGTCGGCCGGGTACCAG,Gstt2_2
sgId2_1,CTCCCGGAGCAAAACCCCGG,Id2_1
sgMcc_10,GCTGCAGCCAGCCACGGCGA,Mcc_10
sgUbe2h_1,GTTACAGCACCATATGAAGG,Ube2h_1
sgAatf_4,AGAGTTCTCAGAAGATGTTG,Aatf_4
sgAlg1_7,GGACCTGCCCATGAAGGTGG,Alg1_7
sgShmt1_9,GACGGTGGCCATCTGACCCA,Shmt1_9
sgKif23_8,CAAGAACTACTTCGATGGGG,Kif23_8
sgAqp1_6,TGATGTACATGACAGCCCGG,Aqp1_6
sgMcc_9,CGAGAGGATGAGCATGCTGG,Mcc_9
sgPrc1_8,CAGGTCGATTTACAAACCGA,Prc1_8
sgPwp1_1,GAGTCTCTTTGGCCACGCCG,Pwp1_1
sgHey1_5,AAGGAGAGCGCGGACGAGAA,Hey1_5
sgGart_9,GTAGACGGCATGCAGCAGGA,Gart_9
sgNr5a2_3,CAGGTGTGGGATGCTGGCCG,Nr5a2_3
sgMbnl3_10,ACTCCTGGCAGTGCAAGAGG,Mbnl3_10
sgPtpro_10,GTCCAATTAAAAGTGTGCTG,Ptpro_10
sgDkk2_7,ATCCTTGACCCGCATCAGCG,Dkk2_7
sgAdk_5,ACAGCAGAGATGTCAAGAAG,Adk_5
sgAscl2_4,GCGGCGATCTGGAGCAACCG,Ascl2_4
sgLimk2_7,GGACACCAAGGAGAATCAGG,Limk2_7
sgAatf_6,GGGCGAAACCCAATACAGAG,Aatf_6
sgPrkacb_6,GGGCGTGCTGATCTATGAGA,Prkacb_6
sgShmt1_3,ATACACAGCAAAGTTTGCAG,Shmt1_3
sgRnaseh2a_5,CCTGGAAGCGCACCAAGCAC,Rnaseh2a_5
sgIgfbp4_3,GGAGACCCACCTGTTTGGGG,Igfbp4_3
sgGen1_1,GATGCCATTCACAAGGGCAG,Gen1_1
sgPolr1b_4,GCTGCGGATTGTCATAGAAG,Polr1b_4
sgHist2h2ab_2,ACAGCTAGTTGCAGATGGCG,Hist2h2ab_2
sgMap2k5_3,CCGCTGCAGATATTTCCAAG,Map2k5_3
sgCirh1a_6,GGGGTACCGAAGCCCTGTGT,Cirh1a_6
sgSmoc2_2,GAAAAGGTGCCGCAGCGGGA,Smoc2_2
sgSh3bp5L_2,GGGCCAGGTGAACGAGGCAG,Sh3bp5L_2
sgGstcd_9,GCTGAATCAAGCCAAACCTG,Gstcd_9
sgGart_8,CGATTGCTGGATGGAGACGA,Gart_8
sgCd320_3,GAGCAAGGAAGGGCAGACTG,Cd320_3
sgKlf9_8,GAAGTCCATGTAGGCGGCCG,Klf9_8
sgKlf9_6,TCGAAGCCACTCCAGAGTGG,Klf9_6
sgNotch2_4,GGGCTGTGTAGAGTTCGCAG,Notch2_4
sgSec14l2_8,CAGCTGCCTGTGGAATACGG,Sec14l2_8
sgCdc25b_2,AGGGCTTCTGAAGAAGATGA,Cdc25b_2
sgSoat1_9,AGATGGAGTTAAACACACAC,Soat1_9
sgPolr1b_2,GCGATGGGGAAATTTCTCCG,Polr1b_2
sgSmo_1,GAATCGGCCCAGCCTCCTGG,Smo_1
sgAatf_1,GTAGATAGAAAAGCCAGCAA,Aatf_1
sgMrto4_9,TGATGTGCTGACCCCAGAGC,Mrto4_9
sgSmo_2,CAGTGGCTCAGCAGCGGCGG,Smo_2
sgPsme3_10,AGTGGATCTGAGTTAGGTCA,Psme3_10
sgIer5l_7,AGTGTCCAGGTCCAGCACGG,Ier5l_7
sgTube1_1,GGCGCTGAGGGAGCACGCAG,Tube1_1
sgDkk3_8,GTGCACACCCCTGCCCGTGG,Dkk3_8
sgKank1_2,GCAGAAGGCAAGCACAGCCG,Kank1_2
sgE2f2_10,GGCACAGGTAGACTTCAATG,E2f2_10
sgCtps_8,AGTGGAGTGCTGGTTCCAGG,Ctps_8
sgPls3_4,GAAGGGATTTGTGCTCTGGG,Pls3_4
sgKif11_1,ATGTAGACCAGATACAGCCC,Kif11_1
sgSp5_9,TAAGAAGCTCAAAGTCGCTG,Sp5_9
sgPrelp_6,GCTTGCTGAACACTCCGGGC,Prelp_6
sgNav1_3,GAAAGCAGCTCCATTAGCAG,Nav1_3
sgWee1_8,GCAGTGGCACGAGATCCGGC,Wee1_8
sgSorcs2_6,CGCGACGCACAACCAGGCGA,Sorcs2_6
sgFstl1_7,CTAACCGCGATGAGCTCCGA,Fstl1_7
sgAqp1_3,GAAGCTCTTCTGGAGGGCTG,Aqp1_3
sgAscl2_6,TCGGAGGAAAGCAGCTGCGA,Ascl2_6
sgExog_6,CCTGATCGTAAGACAGGGCG,Exog_6
sgId2_3,ACTCATCGGGTCGTCCACCG,Id2_3
sgAdk_2,AGGTGAACTCGAAGAGGCAG,Adk_2
sgDvl3_5,TCATGAGAAGACACAAGCGG,Dvl3_5
sgCox6b2_4,TACACGGAAATAGTACTCGC,Cox6b2_4
sgCtps_6,GTACTGGTATATCTTCCCTG,Ctps_6
sgShmt2_8,AAGGTGGCCCAGACGCAGGC,Shmt2_8
sgNol6_6,CTGGACAGCAAAGCTGACGA,Nol6_6
sgMcc_7,GGAGGAGCTGAACCGGACCA,Mcc_7
sgEll3_7,TAAGGTTTCCAGGCCCGGGA,Ell3_7
sgNol6_8,GGGCCGGAAGAGAAATCCCA,Nol6_8
sgLmcd1_1,CAAGTGCTCAGAGCCACTGG,Lmcd1_1
sgAqp4_6,AATCCTCCAACCACACTGGG,Aqp4_6
sgDdb2_3,GGTGCTGAAAATGGCGGTGA,Ddb2_3
sgMak16_8,GGCCTTGTCGAAGGCATGGA,Mak16_8
sgWee1_1,TGTAAGCGGCTCCTACGCGG,Wee1_1
sgThap3_4,GTGGGTGCTCAACATCGGCC,Thap3_4
sgMap2k5_10,AAGAAGCGATGAAGAGATGA,Map2k5_10
sgCsad_6,GAAGAAACTCCGTGCCCTGG,Csad_6
sgSp5_7,GCGGGATGCTCCACCAGGGG,Sp5_7
sgTrp53_9,ACAGGGGCCATGGAGTGGCT,Trp53_9
sgAqp4_9,GAGGATGCCGGCTCCAATGA,Aqp4_9
sgCox6b2_5,GGCACTCTGCAGACTACCAC,Cox6b2_5
sgHist2h2ab_7,TATTCCGCCATGTCTGGCCG,Hist2h2ab_7
sgRcc2_5,CCATGGTGATACCAAGAGGG,Rcc2_5
sgAtad3a_1,GGAGTCTGTGCAGAAGCAGG,Atad3a_1
sgNmral1_4,GGAGAACATCAGGAAGCTGA,Nmral1_4
sgEvl_2,GTAGACCCTGTGGGTGGAGG,Evl_2
sgPpp1r9a_9,CCAGCTGAGCACGGAAGCCG,Ppp1r9a_9
sgArhgef4_5,GAGCCGGGAGAGCTCCACGC,Arhgef4_5
sgPde4b_6,AGGATGATCGACATCATGGA,Pde4b_6
sgEspl1_3,GGGTGATTTCCAAGAGGCAG,Espl1_3
sgDvl1_10,GCTGGGAGCCAGCAGAGTGA,Dvl1_10
sgPwp1_4,ACCGCCTAGGGAGTCCCTGG,Pwp1_4
sgAqp1_9,TTCTGGCCACCACTGACCGG,Aqp1_9
sgLimk2_1,GTAGCTGCTAGAGCAGCGGA,Limk2_1
sgNfs1_7,GGACCTTCCCAGGGCCAAGG,Nfs1_7
sgQsox2_5,GAAGCTGTTGGAGACACTGC,Qsox2_5
sgRnaseh2a_2,GTCTCGCTTGGCAGATCTGG,Rnaseh2a_2
sgFam60a_2,CAGGTGGTAGATGCAAGAGC,Fam60a_2
sgHeyL_3,GCAGTTACCTGTGCCACCAG,HeyL_3
sgDph6_3,GAGAGCCGCAGATAAGCCAC,Dph6_3
sgDph6_1,TAAGCATCTTGGGAAAACCC,Dph6_1
sgNotch1_3,GCTGGCGAGCAGGCATGCCA,Notch1_3
sgDkk3_4,GCCGGAGTCCAAGTGACCGT,Dkk3_4
sgDkk3_3,GCTGTGTACACTGCTGGCGG,Dkk3_3
sgAatf_9,TTGTGGGACCAGCTCTTGGA,Aatf_9
sgSupt3_6,AGATATGGTGTCCAAGGCAG,Supt3_6
sgTubb2b_7,GGAGGAAGAGGGCGAGGATG,Tubb2b_7
sgDvl2_6,GAGACATCGTGCACAAGCCA,Dvl2_6
sgZbtb16_9,GGCCTTGCACAGCAGCCCCG,Zbtb16_9
sgFam122a_7,GCGACGAGTCGCTGAGGCCG,Fam122a_7
sgMcat_4,ATGATGTAGCTTCTCCACGG,Mcat_4
sgAxin2_10,CAAAACTGCTCCCCAGGCAG,Axin2_10
sgPola1_4,GAAATAGGGAGATGAAGATG,Pola1_4
sgSorbs2_9,AGAATGGCTGGCAAATGGCC,Sorbs2_9
sgMdc1_8,GAGGAGCCCCACTCTTGGAG,Mdc1_8
sgGkn3_3,GGATGATATTACCCAGGCCC,Gkn3_3
sgSorbs2_2,GGAGTTCAGCGAGGCTGGGA,Sorbs2_2
sgTufm_10,CAAGGGAAACCACTCAGCAC,Tufm_10
sgDph6_7,GCCAAAGATAAGCTAAAGGC,Dph6_7
sgNol6_5,AAGCTGGTGGAATTCAGCCA,Nol6_5
sgPrelp_5,GGAGAAGAACCAGCTGGAAG,Prelp_5
sgMcc_6,CATGCTATGCAGCAAAGAGG,Mcc_6
sgExog_2,CTTTAGCTGGAACAGAGACG,Exog_2
sgSoat1_1,GCTGTTGGCAGCAGAGGCGG,Soat1_1
sgDkk4_1,TCAGACAGGGACTGCAGCGA,Dkk4_1
sgPinx1_10,GAGGAACAAGAAGCTTGCTC,Pinx1_10
sgImp3_1,GCAGCACACGCAGTTCGTGG,Imp3_1
sgClic4_1,GCCGTCCAGAAACCGACGTG,Clic4_1
sgDvl2_10,GTCTTCGGGGACCTCAGTGG,Dvl2_10
sgFads1_9,GAGGAGGTGGCGCAGCGCTC,Fads1_9
sgAqp1_2,GCAGAGCCAAATGACCGGGC,Aqp1_2
sgNrarp_3,GATAGAGCACGATGTCCTGG,Nrarp_3
sgLrig1_5,GGTACAATCGAGGATACCAG,Lrig1_5
sgNmral1_6,GCAGGACACTTTGATGGCAA,Nmral1_6
sgLimk2_4,CAAGAGCTACGATGAGACGG,Limk2_4
sgHeyL_7,TACCTGTTTCTCAAAGGCAG,HeyL_7
sgNol6_7,CCAGAGCTGCAGGATAACGG,Nol6_7
sgC2cd2_1,GCTGCAAGGATTGTGGCCGT,C2cd2_1
sgE2f4_7,GGAACTGAGAACAAGGACAG,E2f4_7
sgPogk_4,CAATCGGTTGGAAAGGGACG,Pogk_4
sgDkk1_8,GATCTGTACACCTCCGACGC,Dkk1_8
sgSmoc2_5,CAAGTGCAAAGATCCACAGC,Smoc2_5
sgSlco3a1_8,GGTGTAGAGGATGAAGGCAA,Slco3a1_8
sgQsox2_8,GCCGTGTGGTTGCTGGACAG,Qsox2_8
sgNol9_10,GTTCGGGGACACCTTCCGCA,Nol9_10
sgIer5l_2,GCTCCAAGTGCTGCCCGCGG,Ier5l_2
sgNr5a2_2,GAGTCTCGCACAGGAGCTGG,Nr5a2_2
sgSoat1_5,AAACCGGCTGTCAAAATCTG,Soat1_5
sgXrcc5_7,AGGAAGCTCTATCACAGCTG,Xrcc5_7
sgCdt1_9,AGGTGCCCACAGAGCAACCA,Cdt1_9
sgIer5l_10,CTTGCGCTTGCAACCAGCGG,Ier5l_10
sgDvl2_9,GAGGCCCGCAAGTATGCCAG,Dvl2_9
sgKif11_9,GTTCTGGAGCTGTTGACAAG,Kif11_9
sgCyp2e1_3,GTACACACTTGGAAAAGCCA,Cyp2e1_3
sgL1cam_7,AATGTGGGCGAAGAGGACGA,L1cam_7
sgCar12_1,GGAGGACGACAGTCGCGCGC,Car12_1
sgIpo4_4,TCAGGACCGCTGCAAACTGG,Ipo4_4
sgUtrn_3,GGAGCGCGTGAGGAGCACGG,Utrn_3
sgDvl2_1,GTGGCGCTTGAGGAGGCGGG,Dvl2_1
sgShmt1_5,GCAGACATGGCACATATCAG,Shmt1_5
sgCttnbp2_4,AAGGATGTCCGCACAGCTGG,Cttnbp2_4
sgAtad3a_2,GAGGTTGCCCAGCTAACGGA,Atad3a_2
sgLpcat2_2,AAGGGGTTGGGCACCGGCGG,Lpcat2_2
sgGkn3_6,AAGACAGTCACAAGAATGGA,Gkn3_6
sgPde4b_7,GCAATTTGAATCCCACAGCA,Pde4b_7
sgWwtr1_6,GGACCTCTGTGGCACCGAGG,Wwtr1_6
sgPpp1r9a_4,GCTATCATTGCCAAAACCAG,Ppp1r9a_4
sgXrcc5_5,GGGAAGGCTACACCAACTTG,Xrcc5_5
sgPrc1_2,GAAGCTATTCCGACAGCGTG,Prc1_2
sgE2f4_5,GGTGCTGCTAGTGAACAAGG,E2f4_5
sgSurf2_3,ACAAGAGGGGTCGTAAACTG,Surf2_3
sgCsad_8,GAGGCAGATCATTCTGGCAG,Csad_8
sgPrc1_1,GAAGAACAAGAAACAGACAG,Prc1_1
sgWdr35_9,GTTCTACACACCGTTCGGTG,Wdr35_9
sgAdrbk2_5,GCAGCGTTGACCTCTCCCCG,Adrbk2_5
sgE2f2_7,AATGGGGCTGAGGGCAGAGG,E2f2_7
sgPpp1r9a_8,CCAGAAGTGAGAGCACCTGG,Ppp1r9a_8
sgLpcat2_1,GGACGGCTACATAACAGAGG,Lpcat2_1
sgAlg1_10,GGAGAGAGACATACCAGCTC,Alg1_10
sgMdm4_9,GAAGCAGCTCTATGATCAAC,Mdm4_9
sgId3_3,GCTCTGCCAGGACCACCTGA,Id3_3
sgDph6_8,ATAAGGCTCCATTTCAACCA,Dph6_8
sgCdc6_8,TCGCCGGTCCCCAAGCGCGT,Cdc6_8
sgAdk_3,GGACCGTGATCTTCACACAA,Adk_3
sgTns3_8,GCAGAGGGCTTCCTCAACAG,Tns3_8
sgKif11_5,AAGAGATCACCCAGAAGTGT,Kif11_5
sgLrig1_7,GGTAACTGTGGGAGAAACAG,Lrig1_7
sgAdrbk2_1,GTGCACAGGATCATCGGCCG,Adrbk2_1
sgDctd_1,GGATAAATACCACGACAGCG,Dctd_1
sgCar12_4,GCAGCTGCTCTGCTCTGTAG,Car12_4
sgMdm4_3,TCAGACTCTCGCTCTCGCAC,Mdm4_3
sgGkn3_4,GGTCACTACCCACCTACTCG,Gkn3_4
sgLpcat2_10,ACTGTGACCTGGACCTGGCA,Lpcat2_10
sgLimk2_8,CCTTCCCCAGGACCTCCCCG,Limk2_8
sgFam65b_8,TCAGTGGGCTGCAGGAAAGG,Fam65b_8
sgKank1_5,GGAGCGAGTCACCATGCAGA,Kank1_5
sgAfap1_4,GGAAAGAGAGGAAGGACCTG,Afap1_4
sgPtpro_6,GAGGCTGAGGGTACCTGCAG,Ptpro_6
sgMdm4_7,CTTGAGCGATGATACTGACG,Mdm4_7
sgGkn3_8,GATGCTGACCACACCTCTGA,Gkn3_8
sgEvl_1,GCAGAATGGCCCCTCTCCTG,Evl_1
sgExog_7,GCTGAAGGGACAGAAGGATC,Exog_7
sgDgkz_8,AGGGAGTGGGGAGGTAGGGG,Dgkz_8
sgFgfr4_3,GCACCGGCCCATCCTGCAGG,Fgfr4_3
sgNol6_4,GAAGAAGTCCAAGGGAGGGC,Nol6_4
sgScn2b_9,AACGTGCAGCTAGAAGACGA,Scn2b_9
sgUtrn_1,GACGTGGCTGCTGTCCGCGG,Utrn_1
sgDgkz_4,AGAGAGCGTCCTTCAAGAGG,Dgkz_4
sgNcapd3_9,GGATCTCGCCTACTATGCTG,Ncapd3_9
sgWfdc15b_3,GGTATAAGGACAAAGGGGCA,Wfdc15b_3
sgDkk4_10,GCACTGCAGTGGAAGACACA,Dkk4_10
sgDkk3_9,AGAGCTCTCCCTCCACGGGC,Dkk3_9
sgSycn_10,GGGCACCGGGCAATTGCCAT,Sycn_10
sgRpS23_2,TTGATATTGCAGAGGGGTTG,RpS23_2
sgPpm1b_7,AGAGAGCCCGGCTGACCCAG,Ppm1b_7
sgFads1_10,CCGGGCGGGAGAAGGAGCGA,Fads1_10
sgCdc25b_6,AATCTCCGATCAGTCCACGG,Cdc25b_6
sgCdca7_1,GCTGTCACAACTGTCATCGG,Cdca7_1
sgDkk1_3,GATGATGGTTGTGTGTGCAG,Dkk1_3
sgUtrn_4,GCATGTGGTCAGTTTCGCGG,Utrn_4
sgArhgef4_6,GAGCTCCATAGAGGACTGGG,Arhgef4_6
sgPtpro_8,AATGTCAATGGTACAGACAG,Ptpro_8
sgXrcc5_4,GGACGCAAGAACGCTAAAGA,Xrcc5_4
sgMcc_4,AAAGAAGTTGGCCAAAGCAC,Mcc_4
sgCdc25b_9,TCTGCGGGTCCACAGGGCTG,Cdc25b_9
sgXrcc5_3,ACCAGGAAAGGAGTTACCCA,Xrcc5_3
sgGen1_4,ATTGTGGAACAGAGTAGCAA,Gen1_4
sgDiap3_7,GTCATGCAAGTCCTCAGGAG,Diap3_7
sgFads1_4,GTATAGAGGCAGCAAGGCTG,Fads1_4
sgTns3_1,GAAGTGTAGGAACAGAGGTG,Tns3_1
sgShmt1_7,CAGACAGGGATGCCACCCTG,Shmt1_7
sgZc3h10_9,ACAGTGGCCACTTTTAACCA,Zc3h10_9
sgSycn_7,CAGTGGGCACAGCAGGGACA,Sycn_7
sgSh3bp5L_7,TCAGAGGTGGTAGAGGATGA,Sh3bp5L_7
sgClic4_4,GGTCAGATACTCACTTGGGT,Clic4_4
sgHeyL_10,GAGCATCTTCAAGTGATCCA,HeyL_10
sgRnf43_4,AGTACTCTTTGACATCACCG,Rnf43_4
sgSycn_2,GCAGTGTTAGACCAGCCCGA,Sycn_2
sgMbnl3_9,GCAGCATGAGTTGCATGTGC,Mbnl3_9
sgFgfr4_6,CCAAAGCAGCCCTCACCCAG,Fgfr4_6
sgKlf4_4,GCCATGTCAGACTCGCCAGG,Klf4_4
sgSorbs2_6,CCGGTGACTTTAGGAAACGG,Sorbs2_6
sgAtad3a_7,GCAGGAGCAGACGCTGCAGC,Atad3a_7
sgWfdc15b_7,CGATACTCTGGGCAATAGCC,Wfdc15b_7
sgWwtr1_1,GGAATCGGGCTCCTTAAAGA,Wwtr1_1
sgImp3_9,GGAGGACTTTGTCACCTGGG,Imp3_9
sgSupt3_10,CAAGAGACAGAAGATCGCTC,Supt3_10
sgEvl_4,GTGGCTCGGGTACCTGGGGA,Evl_4
sgCd320_6,AAGGGGCACACAATAGCCAC,Cd320_6
sgAtad3a_8,GGAAGCTGAAGCCCGAGCAC,Atad3a_8
sgDkk1_9,CCCCAGCACCACCCAGCGGT,Dkk1_9
sgDctd_8,GCTAAACTCATCATCCAGGC,Dctd_8
sgAatf_10,CCTGTCTTCAAGGACAAAGG,Aatf_10
sgLpcat2_8,CTTTACCTGCAGCCTTCGGG,Lpcat2_8
sgSorcs2_5,GCTTCGGGTCCCAGCACCGA,Sorcs2_5
sgRnf43_10,GGACAGCCAGCTGCAGCTGG,Rnf43_10
sgNufip1_1,GAACGGTGGAAGCGCTCCGG,Nufip1_1
sgImp3_7,GCTGCGCCATGCGTAGCTTG,Imp3_7
sgCdca7_4,TCAGGGCACTCACCAGAGAG,Cdca7_4
sgDvl3_3,GACACACTTACTGGAAGGAG,Dvl3_3
sgCdc6_5,GCTCTCTGGACTTCTTTGAG,Cdc6_5
sgLmcd1_3,GCTTCGAGCCTCACTCGTGG,Lmcd1_3
sgPrkacb_8,GGGTTCGCCAAAAGAGTCAA,Prkacb_8
sgFstl1_4,GGAGAAGACAGGATATGTCC,Fstl1_4
sgFgfr4_1,GCAAGAGCAGGTGTTGACGG,Fgfr4_1
sgPde4b_3,GGTCAGTATAGTTGTCCAGG,Pde4b_3
sgRnf43_6,GTAAGATGGAGAGGCTGCCG,Rnf43_6
sgOpa1_7,GCAGCTGGAATGCAATGACG,Opa1_7
sgTns3_9,GGAGTAACTGGGATGTGGGG,Tns3_9
sgSycn_5,GGGTCTTGCCATGCTTACCG,Sycn_5
sgCdt1_2,GAGCCAGAGCATGGAAGCGC,Cdt1_2
sgE2f2_6,GCAGTTGGGGCAGGAGCTGA,E2f2_6
sgTube1_7,GCTTCTGGGACCTGGCGCTG,Tube1_7
sgShmt2_10,TTCCACGGCAGATACTACGG,Shmt2_10
sgQtrt1_1,GGGTCTCCCCAGGATAGCGG,Qtrt1_1
sgSlco3a1_7,AATACGTACCCAACAAACGA,Slco3a1_7
sgNpm3_4,GGCTCCAACTCACCATGGGC,Npm3_4
sgDdx10_3,GGCAGCACCAAAAGAAGGAG,Ddx10_3
sgLrig1_2,GAAGGCGAGGCGCAAGGCGC,Lrig1_2
sgCd44_2,ATAGATGACGATGTCAGCAG,Cd44_2
sgCirh1a_1,TGAGAGGCCGAATAACCAGG,Cirh1a_1
sgMdm4_8,GATCCAAAGCTTACCTGCTC,Mdm4_8
sgKif23_6,GATGTTTATAAGACGAGAGG,Kif23_6
sgZbtb16_6,GCTGAGTCTAGCATCTCAGG,Zbtb16_6
sgMdc1_3,AGAGAGAAACCACACACCCA,Mdc1_3
sgDvl3_6,GCTTGTGCACAATCTCCCGA,Dvl3_6
sgRnf43_9,GCTGTGAACTTGAGTAACAG,Rnf43_9
sgHes1_1,TGGGGTAGCAGCCACCGGGG,Hes1_1
sgAscl2_9,GCCCTGCCTGAGGCCCGTGA,Ascl2_9
sgTube1_10,GATGGTGGCAGTATTTCCAA,Tube1_10
sgArhgef4_1,GCTCCACGCAGGCATTGGGG,Arhgef4_1
sgBop1_2,TGAGGAAGACACTGAAGGAG,Bop1_2
sgEll3_8,GGCCAAGAGGGCACTAATGG,Ell3_8
sgGle1_2,GAAGAAGAAGCACGAAGAGG,Gle1_2
sgRad51b_4,GCTTCTTCATACAGTAAGCA,Rad51b_4
sgWee1_9,AGAGAGAAGGCCTTCAGCAA,Wee1_9
sgFgfr4_4,ACGCCCAGCCCCACATACAG,Fgfr4_4
sgFstl1_8,TGGTCCAACAGAGTGTGCCC,Fstl1_8
sgHunk_1,GAAACGGTTGGATGAAGCCG,Hunk_1
sgL1cam_9,GGAGAGACCTACAGGAACGT,L1cam_9
sgHey1_3,CGAGGTGGAAAAGGAGAGCG,Hey1_3
sgCsad_4,AAGAGCTGGTTGAAGAACCG,Csad_4
sgPla2g4a_8,GATGAGGCTCAAGGACCCAA,Pla2g4a_8
sgL1cam_8,AGAAGTACCGGATTGAGCAG,L1cam_8
sgDctd_9,TGATGGCGTTCAGCTCGGCA,Dctd_9
sgLimk2_10,TGAACTTGAGCACATTAGGG,Limk2_10
sgDkk4_2,GTGATGGACAGAAACACTGA,Dkk4_2
sgGnl3_3,AGAATGATTCCAGGATGCAG,Gnl3_3
sgAscl2_2,TCGCGAGGAACCGGGTGCGG,Ascl2_2
sgDtl_6,GGTCTCAAAGGAAGAGGCAG,Dtl_6
sgVav3_9,CCTGCCTGGATATGCAATGG,Vav3_9
sgCtps_1,AAAACAGCCAAGTTCAACAG,Ctps_1
sgPlcb3_1,GGAGAAACTGATGACAGTGG,Plcb3_1
sgLpcat2_7,GGGAAGAAGGACGCCTGGCG,Lpcat2_7
sgSorcs2_9,GCCGTGACTGGGATTACCTG,Sorcs2_9
sgPola1_9,GGTGATGTCTACAGGAGAGC,Pola1_9
sgBop1_3,GAAGGAGTGGCCGGATCCAG,Bop1_3
sgNr5a2_9,CATGCTGCCCAAAGTGGAGA,Nr5a2_9
sgDiap3_5,GAGGAGATCAAGAAGAGCAA,Diap3_5
sgPlcb3_9,GCTGGCTGGACCATCATCGG,Plcb3_9
sgZfp369_1,CCTACCGCTAGAGAACACTG,Zfp369_1
sgMak16_7,GCAGTGCTACCTGTACATGA,Mak16_7
sgBmyc_10,GTGTTGCAGGTGCAGTCTGG,Bmyc_10
sgL1cam_10,GCCTCCTCCAGCCCCTTCGG,L1cam_10
sgSoat1_3,AGACTAAGAAGAGCAAGCCA,Soat1_3
sgSh3bp5L_8,CCGGTCGCAGAGGAGCCTGG,Sh3bp5L_8
sgSlco3a1_6,AAAGATGCCCAGGCAGGCAC,Slco3a1_6
sgIgfbp4_6,GTGGCGCAACAACCGCAGCC,Igfbp4_6
sgHes1_6,GTGTCGTGTTGACACTGGCT,Hes1_6
sgNcapd3_3,GATGAACAGACTCTGCCTGG,Ncapd3_3
sgAlg1_1,GCAATAGCAGGCAGACCTGG,Alg1_1
sgBop1_8,GCAGGAAGGGCCGGGAGGGA,Bop1_8
sgDdx10_5,GGAATGGCAGGTCGAGCGCG,Ddx10_5
sgPsrc1_8,TGGGCGAGGCCCCGTCGAAG,Psrc1_8
sgSmo_8,AAAGATGATGACACAGGACA,Smo_8
sgDvl3_4,GGAGAATCTGGACAATGACA,Dvl3_4
sgTube1_6,CGGCGGAATGACCCAGTCGG,Tube1_6
sgOpa1_8,GGTCGGGAGCTAAACTGGCA,Opa1_8
sgThap3_1,GCAACCGCTACAGCAGCCGC,Thap3_1
sgNotch1_2,GAAGCACTTGGGGCTTCGGG,Notch1_2
sgMbnl3_3,GTGCTGGGCGAACATGGCTG,Mbnl3_3
sgPde4b_9,CCATTGCCGATACAATTCCA,Pde4b_9
sgGstt2_1,GGAACCTGGACCCCAATGAG,Gstt2_1
sgSmoc2_4,CTTGGGTGTCACCAGAGAGG,Smoc2_4
sgAfap1_8,GCAAGGAACAGGCTGAGCAG,Afap1_8
sgSec14l2_5,GCAGTATGAACACACCGTGC,Sec14l2_5
sgEspl1_5,GAAACTGGGTAAACAGGCCC,Espl1_5
sgPinx1_9,TACCTGCTGTTTCCTGACCG,Pinx1_9
sgPrelp_9,CAACCGACAAGACCAAAACC,Prelp_9
sgPogk_6,AAATCTGCTCAGAAGGCGCA,Pogk_6
sgNr5a2_7,CCATGCAGGCTGCTGTGAGG,Nr5a2_7
sgTns3_10,GTGCCGAGGGGACTTTCAGA,Tns3_10
sgGstt2_5,CCTGAGTTCCAAGTACCAGG,Gstt2_5
sgVav3_4,AATGTCAGTCTTACCTCTGG,Vav3_4
sgTube1_8,GAATGAGATCAGCATGAACT,Tube1_8
sgMbnl3_7,ACTGGGGTTAAAGACTGGAG,Mbnl3_7
sgNr5a2_4,GCTGATCGAACTGAAGGGAA,Nr5a2_4
sgSmo_6,GAGCTGGTATGAGGACGTGG,Smo_6
sgAfap1_9,GAACAAGGCAGAACTGGAGA,Afap1_9
sgCcdc3_6,CTCCTGCCACTCCCACACGG,Ccdc3_6
sgPola2_5,ATGGCGATCAGATCAAGCAG,Pola2_5
sgHey1_6,TGAGATCTTGCAGATGACTG,Hey1_6
sgAqp1_1,GCTGGTCCAGGACAACGTGA,Aqp1_1
sgTube1_9,AGGCGGTACAGAACACAGGC,Tube1_9
sgAdk_7,GGCAGCAAGGTTAGCAACGA,Adk_7
sgDdb2_1,GGTTGTTCCCTCCATTGAGG,Ddb2_1
sgImp3_5,CTTGTCCAACAGCGCCGCCG,Imp3_5
sgDph6_6,CTGATGGCTCTGCGATACAG,Dph6_6
sgSh3bp5L_5,CCTTGAGCTCAAAGTAGGGG,Sh3bp5L_5
sgCdc25c_10,TATCCGTATGAGTACCTGGG,Cdc25c_10
sgNol9_9,GTACCCGCAGCCAGGAAGAG,Nol9_9
sgHey1_9,TACCTGCTTCTCAAAGGCAC,Hey1_9
sgNotch1_7,CGTCAATGTCCACTTCGCAG,Notch1_7
sgLpcat2_6,CATGAACCGATGCGCCGAGG,Lpcat2_6
sgNav1_9,GATATGGCCAAAGCACCCAA,Nav1_9
sgPola2_7,GAGAAGGTGAAAGGCGGCTG,Pola2_7
sgDkk3_5,GCACAAACTGCGCAGTGCCG,Dkk3_5
sgC2cd2_9,GCACTCCGAGCCTGTGGCAG,C2cd2_9
sgEspl1_4,GAAGCTGTAGAAGAAAGACC,Espl1_4
sgAdrbk2_2,GAAAAGGGTGAAGATGAAGC,Adrbk2_2
sgPls3_1,GGAGGACAAGACCTGAACGA,Pls3_1
sgClca4_6,GAGTGGAAATCAAGTCACCC,Clca4_6
sgHunk_7,GCCGAATATCCAGCAAGCGC,Hunk_7
sgNfs1_10,ATGTGGCCTTGTCCTCAGGG,Nfs1_10
sgSmo_9,GGAGTGACCACGTGAGCAGG,Smo_9
sgWfdc15b_5,GTAGAAGAAGCAACACTTCA,Wfdc15b_5
sgEsrrg_5,AGCGTCAACCACCACAGCCC,Esrrg_5
sgMdm4_5,GCGGTGATTTTACCTTCAGT,Mdm4_5
sgAtoh1_10,CAGGAAGCTGTGGGCGGCGG,Atoh1_10
sgTns3_4,GCTACACACACAGGGGCCAG,Tns3_4
sgScn2b_3,GGTTCCCTGAGAACTCCACG,Scn2b_3
sgMcat_8,GCATCCGAAGCCGTTCCCAG,Mcat_8
sgXrcc5_1,GAGGGAAGGAGGGTTTGAGG,Xrcc5_1
sgVars2_1,AAGGAGCCCAAAAGACACAG,Vars2_1
sgArhgef4_3,GGCCGAGTGGCAGATGGCGA,Arhgef4_3
sgCox6b2_7,CCGCCCTCTCACCCAGCTGA,Cox6b2_7
sgWdr35_10,AAGACGCTCACCTCACCGAA,Wdr35_10
sgNotch2_7,CAACCCAGCCTGCATCGCAG,Notch2_7
sgCar12_6,AATGATCAACAACTTCCGGC,Car12_6
sgGstcd_4,ACAGAAGCTGAAGCAACAGA,Gstcd_4
sgSorbs2_3,GGAGGATCTATAGAGCGGGA,Sorbs2_3
sgOpa1_6,CACGCGCTTTAACCTAGAGA,Opa1_6
sgNmral1_7,GGAATGTCTGTGAGTGACCT,Nmral1_7
sgId3_4,CGGTCGACGGGCTCTTACCG,Id3_4
sgDvl2_4,ACCGAAGGCGAAGGAAGCAG,Dvl2_4
sgAcss1_10,TTCAACCAAGGACTCAGGGG,Acss1_10
sgSupt3_9,CTGTCTCCTTACCTTCCAGG,Supt3_9
sgDdx10_10,CGTCTGCTTCATCGTTGGGG,Ddx10_10
sgShmt2_4,GTGCCAGCTATGATGAGCCG,Shmt2_4
sgAdk_9,GCAACATTCTTTGGATGCAT,Adk_9
sgIpo4_9,GCACTGACTTCAGGTAGGAG,Ipo4_9
sgCd44_4,ATGAAGTTGGCCCTGAGCAA,Cd44_4
sgIgfbp4_9,GGTCTGCAGGCTTTCCTGGA,Igfbp4_9
sgClic4_6,AATCGACGAGAACAGCATGG,Clic4_6
sgDvl1_1,GCATCCCTGAACCTCAACAG,Dvl1_1
sgGle1_1,GGAGCACCGCCACAGAGCCA,Gle1_1
sgImp3_6,GTTGGACAAGCTGTACGCTA,Imp3_6
sgPola1_7,AGATCCGAGCCACAACAGGG,Pola1_7
sgDvl1_9,TGGAGGGCTTCAAGGAGCGA,Dvl1_9
sgExog_9,AAGGTAAAAGGTTTCTGCCA,Exog_9
sgEvl_8,GCTGCCGATGAGGGATGCCC,Evl_8
sgPeli2_8,CCCGCAAGGAGGCTTCACCG,Peli2_8
sgSurf2_9,TGCGTAATCGAAGTTAGAGA,Surf2_9
sgPeli2_7,GTGCATCACCAGGACACCGT,Peli2_7
sgNol6_2,AAGCAGCTGATGGATCCCCG,Nol6_2
sgXrcc5_6,GAGCCTTACATCTCCAGGAG,Xrcc5_6
sgQsox2_10,AGTGTGAAACAGTTTCCAGA,Qsox2_10
sgDiap3_9,GACAATGGAAAACAACCCAA,Diap3_9
sgCttnbp2_6,GGAGGAGGCCCAGAAGCTGG,Cttnbp2_6
sgSurf2_1,GAGCTCCAGGAATACACCCG,Surf2_1
sgTrp53_3,CATAAGGTACCACCACGCTG,Trp53_3
sgPla2g4a_6,GATGGATGCCAACTACGTCA,Pla2g4a_6
sgPogk_3,AGAGGTTGAGATCCAAGAGT,Pogk_3
sgZbtb16_5,GAGTCCTACCAAGGCAGCCG,Zbtb16_5
sgBmyc_8,CAGGATGATGTTCTTCACGA,Bmyc_8
sgPinx1_2,GCGGAAGCAGAAATGGACTG,Pinx1_2
sgE2f4_2,GTGCCGGCTTGGAGTCCCCG,E2f4_2
sgBms1_3,GGAAGACTTGACAAATCCTG,Bms1_3
sgGart_4,GCATTTGAACCCTTAAAGGA,Gart_4
sgTns3_3,GCGGAAAATGACATCACGGG,Tns3_3
sgExog_4,AAACTTGTTATTTCCTGCCG,Exog_4
sgDkk1_6,GTCTGGCTTGCCGAAAGCGC,Dkk1_6
sgSec14l2_9,GGCACCATGACAGATCCTGA,Sec14l2_9
sgDvl1_7,GGACTCACCAATGACAGCAT,Dvl1_7
sgFam65b_1,GCCTCAGCCGAAGAGAGTGG,Fam65b_1
sgPeli2_5,ACGGAGCCAGACGGTAGTGG,Peli2_5
sgMap2k5_9,ACATCCCTGAAGAGTAACTG,Map2k5_9
sgSerpine2_5,AGTGCTGAAGAAGATCAACA,Serpine2_5
sgCirh1a_10,GCAAGAAGACAGTTTTGTGG,Cirh1a_10
sgDvl3_8,GGAGGAGCTGGTAGAGGTGA,Dvl3_8
sgPeli2_6,CCTGCATGCGAACCTAGAGA,Peli2_6
sgId2_9,AGCCTGTCGGACCACAGCTT,Id2_9
sgMcat_5,CGAGGAGGGAGCCCAGGAGG,Mcat_5
sgSupt3_1,ATATCTGGCATACGAAACCG,Supt3_1
sgTube1_3,GACACGAGATAATGAAGCTT,Tube1_3
sgLpcat2_9,TCATTCCGTGATACCAGCGA,Lpcat2_9
sgAdrbk2_8,GAAATCTGTGAAAGCCTTCG,Adrbk2_8
sgSmoc2_9,GGACCGAGCAAGTTAAGAGT,Smoc2_9
sgMak16_9,GCATCCTAGAACCAAGACTC,Mak16_9
sgSh3bp5L_9,CAGTGAGGAAATCAACCAGG,Sh3bp5L_9
sgCdca7_10,GTGCCCAGAAGTCGGAGGCC,Cdca7_10
sgIgfbp4_5,GGGTTGCGAGGAGTTGGTGC,Igfbp4_5
sgMcat_2,AGAGCTGCCGCACACGCGGG,Mcat_2
sgDvl1_5,GGGTAACTCACCCCTTGGGA,Dvl1_5
sgEsam_4,CTACAGGATGGAGGAGCTGG,Esam_4
sgAxin2_5,GGAGAAACTGAAACTGGAGC,Axin2_5
sgNotch1_1,GAGGGGCCCAGAGAAACCCA,Notch1_1
sgZc3h10_3,GGATGAAACGACAGTTGGGG,Zc3h10_3
sgDdb2_4,TGAGGAGCACCGCAACGTCG,Ddb2_4
sgPpp1r9a_7,GGTGGCTCCAAGTCCAACAG,Ppp1r9a_7
sgCirh1a_4,CCAACAGCAGTGAGAAGCAG,Cirh1a_4
sgKlf4_3,AGGGCGCCACTACCACGGGG,Klf4_3
sgClic6_2,CGGAGCTCCAGGTGAAGCGG,Clic6_2
sgSurf2_5,ACTACTGCCCAACACCCGCA,Surf2_5
sgSorbs2_1,GCAGCACTCTAACTCACCAG,Sorbs2_1
sgMcat_7,GCTACATCATCTGCAGCCGG,Mcat_7
sgAtoh1_7,CGGGACGAGGCTGACAGCCA,Atoh1_7
sgEll3_10,GCTCAGGAACACCTGACTGA,Ell3_10
sgDkk3_7,GGACCATCTGTGACAACCAG,Dkk3_7
sgLimk2_9,GGAGTTGATCCGCTGTGATG,Limk2_9
sgGstcd_10,AGAATTGTGGATTTCTGCAG,Gstcd_10
sgC2cd2_7,CAGTGTAGTCAAGTCAACCC,C2cd2_7
sgBms1_1,GAAGGTGCTGAGAGCAGCAG,Bms1_1
sgCttnbp2_5,GAAGCTGGCTGCCCACCTGG,Cttnbp2_5
sgIncenp_5,AAAGTCTCGGAGCAGTCAGG,Incenp_5
sgAdrbk2_7,GGAACCCCTTTCTCACACAG,Adrbk2_7
sgKif11_3,AGAAATCTGAGAAACACGAG,Kif11_3
sgHunk_6,GTGGAGAGCTGGGTCGGCAG,Hunk_6
sgEspl1_8,AGGGTCTCCAGAGCCTGCAA,Espl1_8
sgDdb2_10,GGGTTTACTCTGCCTCCCAG,Ddb2_10
sgPde4b_5,AAATGAGGATCATCTAGCCA,Pde4b_5
sgNotch2_2,GGTTGGTGTCAACTGTGAGG,Notch2_2
sgC2cd2_5,GAGGACACCCGTCACAGTGA,C2cd2_5
sgWfdc15b_9,CAGGCGTGATAAAGGCTGCA,Wfdc15b_9
sgLrig1_1,GAAATACTCACAGCTTGCTG,Lrig1_1
sgQsox2_9,TAGGACCTGACAGGGAGCTG,Qsox2_9
sgCirh1a_2,TTCACGAACAGATGGCACGG,Cirh1a_2
sgCox6b2_6,TGGTTCTGGTTAGGGAAGCG,Cox6b2_6
sgAlg1_9,TGGCCAGCAGCACAATGGGG,Alg1_9
sgPsrc1_2,CCAGAGAAACCACTTCGACG,Psrc1_2
sgCyp2e1_4,AGACAGTCAGTCACATCCCG,Cyp2e1_4
sgBmyc_6,CAGCTCGGGCAGGTCTGCGA,Bmyc_6
sgHist2h2ab_5,AGACAGCCTGAATATTGGGG,Hist2h2ab_5
sgMdc1_5,AGGCTCCACACTATACCCCA,Mdc1_5
sgRnf43_3,GCAGAAGTGACTCCAGCAGA,Rnf43_3
sgMak16_3,AGAGTTTGTAGAAGATGAGG,Mak16_3
sgClic4_7,GACGGATGTGAATAAGATTG,Clic4_7
sgExog_8,GTCACGAGGCCACATGGCCC,Exog_8
sgLpcat2_3,CGGGACCGTAGCCGCCACAG,Lpcat2_3
sgMak16_6,GCTGGACAATGCTATTGAGA,Mak16_6
sgNotch2_10,TATGCACCATCCCATCCAGG,Notch2_10
sgPola2_10,GCCCTGTGCGGAGCCAAAGG,Pola2_10
sgDtl_1,GAAGCAGGTGGAGTGACAGG,Dtl_1
sgPde4b_8,ATGGACCGATCGTATCATGG,Pde4b_8
sgDkk4_9,TAACAACATCAAGAGCTCCG,Dkk4_9
sgSec14l2_6,GCGGGCAGGGGAGATGACGG,Sec14l2_6
sgZbtb16_2,GAGGCCACCATGGCTGACGG,Zbtb16_2
sgE2f4_6,GGGACAGGCACAGCCACAGG,E2f4_6
sgL1cam_2,AAGCAACCCAGATCACACAG,L1cam_2
sgAtad3a_9,TAGACTCCAAGATGGTCTGG,Atad3a_9
sgWee1_6,GAGAAATAGCGAACGACGTG,Wee1_6
sgFgfr4_5,GGACAAACTTGACTTGCCAG,Fgfr4_5
sgArhgef4_10,CGGATGACTATGAGGCCCCG,Arhgef4_10
sgEsam_6,GGCTGGTCCAAAGAAGACCT,Esam_6
sgNr5a2_1,TAAGAGCCGACCGCATGCGA,Nr5a2_1
sgNufip1_5,GATCAAGCTAGACACTCCAG,Nufip1_5
sgC2cd2_4,GTTGGGCTCAGTCACTGCAG,C2cd2_4
sgIer5l_6,GAAGCCAGTGGATGAGGAAG,Ier5l_6
sgFam122a_8,GGAGTGGCTTATCTGCATTG,Fam122a_8
sgFstl1_10,TCATTGCTGTGCAGACCCAG,Fstl1_10
sgRnaseh2a_9,AGCCTGGCTGAGGAAACATG,Rnaseh2a_9
sgKank1_6,AGACCCCACAAAGGACGGGA,Kank1_6
sgRad51b_9,ACATTACCTACCAGCCTGGG,Rad51b_9
sgZbtb16_1,GGAGTTCCATGCCCACCGGA,Zbtb16_1
sgPogk_7,TGAATGCAGAAATGGAGTCC,Pogk_7
sgEll3_6,GGCCAGCACTTACCCCTCGG,Ell3_6
sgNol9_1,GACAAGCATGGCGGAGTCGG,Nol9_1
sgLpcat2_4,AAGTGAGCACACACAGCTGG,Lpcat2_4
sgScn2b_2,GGAGCGGTTTGGAGACCGCG,Scn2b_2
sgDvl3_7,GAGGTGATGGTGCTTAAGGA,Dvl3_7
sgPola2_4,GAAGGAGCATCACAAGATCG,Pola2_4
sgNol9_3,GCGGCAGCATCATCAACACG,Nol9_3
sgDgkz_5,AGGATGGCTACAGGAGGCGG,Dgkz_5
sgPrkacb_7,GGTTATGGAATACGTCCCTG,Prkacb_7
sgWee1_4,GAACAGGCGCAGCTTGCGGA,Wee1_4
sgDkk2_4,CGGCCAGTAGGAGAAGGCAG,Dkk2_4
sgDvl3_9,GGAGCTGGTGATGGAGGAGC,Dvl3_9
sgPrkacb_9,AAAGAGTCAAGGGCAGGACA,Prkacb_9
sgId3_10,AAGGCGCTGAGCCCGGTGCG,Id3_10
sgPsrc1_9,GAAGCCCTCCAGCATAAAGA,Psrc1_9
sgCcdc3_7,CGAGACCATCGTGTATGCCA,Ccdc3_7
sgClic4_2,CAGGGGCATCGACAGCGCCA,Clic4_2
sgKif23_2,CAGAAATGGGGACTATAAGG,Kif23_2
sgMrto4_4,GGCCCAGACTCACCAGGATA,Mrto4_4
sgDph6_2,AGAGTATGAGACATTCACGT,Dph6_2
sgQsox2_6,CTATAGCAGGGACAACCTGG,Qsox2_6
sgPwp1_6,GCAGGCAACCCTTCAGAAGA,Pwp1_6
sgNcapd3_6,GGAACTCATGAACTACCTGA,Ncapd3_6
sgQsox2_1,GCTGGGGCTCACCCTGAAGG,Qsox2_1
sgPola1_6,GGTGACATACAAAGGAAGGG,Pola1_6
sgDctd_10,CAAGAACTCGGCTGATGTGA,Dctd_10
sgThap3_2,GTTCTGAAAAGCGAACACCG,Thap3_2
sgDkk4_4,GGAAGACACAAGGCCAGTGA,Dkk4_4
sgKif23_10,TACAGGAACCTGCCTCGGGG,Kif23_10
sgWwtr1_2,GGTTCATGACAGAGTTGAAG,Wwtr1_2
sgPpm1b_2,TGTGGGTATTCCTCACGGCT,Ppm1b_2
sgMdm4_1,TGTTCCTTCACAGACGGTGG,Mdm4_1
sgClic4_10,TGCCTCCAGGCCGGAAGTGA,Clic4_10
sgBop1_4,CAGGTCATAGAAGCTAGGGG,Bop1_4
sgFam122a_2,GCTGGACCTGGAGTTGCCCG,Fam122a_2
sgNmral1_9,TACCTGCAGGCACACCGCAG,Nmral1_9
sgDtl_8,ATTAGTCTCAGCAGGAGCCG,Dtl_8
sgNav1_1,CAAGAGCGTGCAGCCCGAGG,Nav1_1
sgSlco3a1_3,TGGGAACCCAAACATCAGGA,Slco3a1_3
sgBms1_7,GGTGGTTTGGGCAATAGCGA,Bms1_7
sgLmcd1_9,GGGCTGGATACAGCAAACAG,Lmcd1_9
sgKlf4_6,GCTAACCCACCAGGAATCGG,Klf4_6
sgSycn_8,GCAGACCTGAAGAAGTCAGA,Sycn_8
sgPls3_5,GGTGCCGAAGATCTGCGGGC,Pls3_5
sgOpa1_2,GAAGAATCGGACCCAAGAGC,Opa1_2
sgDkk1_10,GCCGGGCTCTGCTGTCAGTG,Dkk1_10
sgSerpine2_4,GAGCTGCAGCATGCCCAAGA,Serpine2_4
sgCd320_1,GAGCCGCAGCACCAGGCCCA,Cd320_1
sgVav3_3,ACAGAAGTCGTACCGAGCGA,Vav3_3
sgAdrbk2_4,GCAGCATGTGTACTTACGGA,Adrbk2_4
sgMcc_2,CAGCATGGTCAGCTTGACGG,Mcc_2
sgAqp1_5,ACTGGAGAGAAACCAGACGC,Aqp1_5
sgGen1_5,AGGAAAGCTTGCAGTTGCGA,Gen1_5
sgAtoh1_5,GCATGCAGAAGAGTGGGCTG,Atoh1_5
sgC2cd2_2,TCTGAGCACCAAACCCACGC,C2cd2_2
sgL1cam_5,GAGATCCAGCTCGTGGCCGA,L1cam_5
sgC2cd2_3,GCAGGGTTCCTGAGCAGTGG,C2cd2_3
sgPsme3_6,AATCTGGTCCAGGTAAGATG,Psme3_6
sgFstl1_2,CAGGACTCACCTCAATGCAG,Fstl1_2
sgCdc25c_8,AAGGATTTCAGAAGACCCAA,Cdc25c_8
sgDvl1_4,GGATGGTGAAGTAGCTCCGA,Dvl1_4
sgSupt3_8,GAATGCTGTGATCCAGAAGA,Supt3_8
sgAscl2_7,TGCGCGCACTCATCGGACGG,Ascl2_7
sgDdb2_6,CTCAGGAGCAAAAGTCGCAG,Ddb2_6
sgQtrt1_10,GGGGTGGCTACCGTTCCATG,Qtrt1_10
sgCdc25c_7,GGGAGGCACCTAGGACCCCA,Cdc25c_7
sgDctd_4,GCCCGAGTATTTCATGGCAG,Dctd_4
sgTube1_2,ACATCGGCCAGCGTGTACAG,Tube1_2
sgZfp369_7,GAAGCTGGGACACAGACTTC,Zfp369_7
sgDvl2_3,AGAGACAGCAGTGAACATGG,Dvl2_3
sgCyp2e1_5,GATCCAGACAAGCAAGGCAA,Cyp2e1_5
sgKlf9_10,GACTTTCCCACAGCCACTGT,Klf9_10
sgIncenp_8,GAAGGCTGGCAAAGAGCCAG,Incenp_8
sgAdk_6,CACGCAGCACAAGTTCCTGT,Adk_6
sgAxin2_1,CGTGGATCTCACACTCGCGG,Axin2_1
sgCd44_10,GGGAGGTGTTGGACGTGACG,Cd44_10
sgMcc_1,TGGGGAGCTCACCTTAGCGA,Mcc_1
sgWee1_7,CATGTGGTCATCCTCTGCCC,Wee1_7
sgCar12_5,AAAACTGTCCAGAGCACGGT,Car12_5
sgCsad_9,GCTCCACAGGCTGCCTGGGG,Csad_9
sgId2_4,GTGATGCAGGCTGACGATAG,Id2_4
sgCdt1_1,GAAGTTGGGAGCCCAGGCAC,Cdt1_1
sgPpp1r9a_10,CAGAAGAAAGACCTGACAGG,Ppp1r9a_10
sgCcdc3_9,GCCTCTACAACTACCTGCCG,Ccdc3_9
sgFads1_5,AAGCCTTTCAGCCCCAGCAG,Fads1_5
sgFstl1_6,CATCTCTATGAAGTTCACAG,Fstl1_6
sgNpm3_9,AGAGAGCCGAGCCCGAGCTG,Npm3_9
sgAdk_8,GAAAGAGAAGCACCTTGACC,Adk_8
sgKif11_6,GAGCTGTTTAGCATCATTGG,Kif11_6
sgHunk_4,CCGGCAACTCATCTCTGCGG,Hunk_4
sgC2cd2_6,TGGGCCTGTACTTGGCGCAG,C2cd2_6
sgKank1_8,ATTGTACATCGACTACGAGG,Kank1_8
sgScn2b_4,CCTGCAGGTAAATCTTGCCG,Scn2b_4
sgGle1_7,GAATTGGCGCACAGAATGAG,Gle1_7
sgSec14l2_7,CATCAGCTGGCAGCCACCAG,Sec14l2_7
sgNcapd3_1,TCACCGAGGCTGAGACCCAG,Ncapd3_1
sgDvl2_8,GATCCCAGGCTCCGATGTGG,Dvl2_8
sgHist2h2ab_9,CGGCGCGCCGGTGTACATGG,Hist2h2ab_9
